date,model,arm,measure,hedged_monthly,hedged_cumulative
2016-02-29,haiku,full,mapped,0.000573,0.000573
2016-03-31,haiku,full,mapped,0.011971,0.012544
2016-04-30,haiku,full,mapped,-0.000711,0.011832
2016-05-31,haiku,full,mapped,0.011972,0.023804
2016-06-30,haiku,full,mapped,0.00706,0.030864
2016-07-31,haiku,full,mapped,-0.0311,-0.000235
2016-08-31,haiku,full,mapped,-4.6e-05,-0.000282
2016-09-30,haiku,full,mapped,-0.000548,-0.000829
2016-10-31,haiku,full,mapped,0.002608,0.001778
2016-11-30,haiku,full,mapped,0.009995,0.011773
2016-12-31,haiku,full,mapped,0.002434,0.014207
2017-01-31,haiku,full,mapped,-0.000962,0.013245
2017-02-28,haiku,full,mapped,0.015966,0.02921
2017-03-31,haiku,full,mapped,-2.5e-05,0.029185
2017-04-30,haiku,full,mapped,-0.002462,0.026723
2017-05-31,haiku,full,mapped,-0.002122,0.024601
2017-06-30,haiku,full,mapped,-0.000364,0.024237
2017-07-31,haiku,full,mapped,0.011999,0.036236
2017-08-31,haiku,full,mapped,-0.003675,0.032561
2017-09-30,haiku,full,mapped,-0.001535,0.031026
2017-10-31,haiku,full,mapped,0.004821,0.035847
2017-11-30,haiku,full,mapped,0.000306,0.036153
2017-12-31,haiku,full,mapped,-0.003549,0.032604
2018-01-31,haiku,full,mapped,0.003343,0.035948
2018-02-28,haiku,full,mapped,0.00452,0.040468
2018-03-31,haiku,full,mapped,-0.003052,0.037415
2018-04-30,haiku,full,mapped,-0.002388,0.035027
2018-05-31,haiku,full,mapped,-0.000599,0.034428
2018-06-30,haiku,full,mapped,0.000156,0.034584
2018-07-31,haiku,full,mapped,-0.002012,0.032571
2018-08-31,haiku,full,mapped,0.006633,0.039204
2018-09-30,haiku,full,mapped,-0.0,0.039204
2018-10-31,haiku,full,mapped,-0.007957,0.031247
2018-11-30,haiku,full,mapped,-0.021477,0.00977
2018-12-31,haiku,full,mapped,-0.027743,-0.017973
2019-01-31,haiku,full,mapped,-0.034715,-0.052687
2019-02-28,haiku,full,mapped,0.024062,-0.028626
2019-03-31,haiku,full,mapped,-0.002292,-0.030918
2019-04-30,haiku,full,mapped,-0.000183,-0.031101
2019-05-31,haiku,full,mapped,-0.034345,-0.065447
2019-06-30,haiku,full,mapped,0.005135,-0.060311
2019-07-31,haiku,full,mapped,0.007392,-0.052919
2019-08-31,haiku,full,mapped,-0.001688,-0.054607
2019-09-30,haiku,full,mapped,-0.005071,-0.059679
2019-10-31,haiku,full,mapped,0.008666,-0.051013
2019-11-30,haiku,full,mapped,0.018933,-0.03208
2019-12-31,haiku,full,mapped,0.009708,-0.022371
2020-01-31,haiku,full,mapped,-0.0003,-0.022671
2020-02-29,haiku,full,mapped,0.040351,0.01768
2020-03-31,haiku,full,mapped,0.016058,0.033738
2020-04-30,haiku,full,mapped,0.019997,0.053735
2020-05-31,haiku,full,mapped,0.005666,0.059401
2020-06-30,haiku,full,mapped,-0.000339,0.059062
2020-07-31,haiku,full,mapped,-0.003251,0.055812
2020-08-31,haiku,full,mapped,0.020357,0.076168
2020-09-30,haiku,full,mapped,-0.016563,0.059606
2020-10-31,haiku,full,mapped,-0.000913,0.058693
2020-11-30,haiku,full,mapped,-0.039741,0.018952
2020-12-31,haiku,full,mapped,0.009873,0.028825
2021-01-31,haiku,full,mapped,0.000839,0.029664
2021-02-28,haiku,full,mapped,-0.006193,0.023472
2021-03-31,haiku,full,mapped,0.009678,0.03315
2021-04-30,haiku,full,mapped,-0.001065,0.032085
2021-05-31,haiku,full,mapped,0.000802,0.032887
2021-06-30,haiku,full,mapped,0.000143,0.03303
2021-07-31,haiku,full,mapped,0.004594,0.037623
2021-08-31,haiku,full,mapped,-0.009979,0.027645
2021-09-30,haiku,full,mapped,-0.002133,0.025512
2021-10-31,haiku,full,mapped,-0.004082,0.02143
2021-11-30,haiku,full,mapped,-0.000114,0.021316
2021-12-31,haiku,full,mapped,-0.0115,0.009816
2022-01-31,haiku,full,mapped,0.008678,0.018494
2022-02-28,haiku,full,mapped,0.00021,0.018704
2022-03-31,haiku,full,mapped,0.000745,0.019449
2022-04-30,haiku,full,mapped,-0.034989,-0.015539
2022-05-31,haiku,full,mapped,-0.002562,-0.018101
2022-06-30,haiku,full,mapped,-0.002637,-0.020739
2022-07-31,haiku,full,mapped,-0.014329,-0.035068
2022-08-31,haiku,full,mapped,-0.00632,-0.041388
2022-09-30,haiku,full,mapped,0.010808,-0.03058
2022-10-31,haiku,full,mapped,-0.008459,-0.039039
2022-11-30,haiku,full,mapped,0.008673,-0.030366
2022-12-31,haiku,full,mapped,-0.02341,-0.053776
2023-01-31,haiku,full,mapped,0.001872,-0.051903
2023-02-28,haiku,full,mapped,-0.01076,-0.062664
2023-03-31,haiku,full,mapped,-0.01407,-0.076734
2023-04-30,haiku,full,mapped,0.003643,-0.073091
2023-05-31,haiku,full,mapped,0.001798,-0.071293
2023-06-30,haiku,full,mapped,-0.009017,-0.08031
2023-07-31,haiku,full,mapped,0.004914,-0.075396
2023-08-31,haiku,full,mapped,-0.000311,-0.075707
2023-09-30,haiku,full,mapped,0.013268,-0.062439
2023-10-31,haiku,full,mapped,-0.002071,-0.06451
2023-11-30,haiku,full,mapped,-0.02117,-0.08568
2023-12-31,haiku,full,mapped,0.012975,-0.072705
2024-01-31,haiku,full,mapped,0.005539,-0.067167
2024-02-29,haiku,full,mapped,-0.00559,-0.072757
2024-03-31,haiku,full,mapped,-0.003315,-0.076072
2024-04-30,haiku,full,mapped,0.000334,-0.075738
2024-05-31,haiku,full,mapped,-0.008769,-0.084507
2024-06-30,haiku,full,mapped,0.006888,-0.077619
2024-07-31,haiku,full,mapped,0.000782,-0.076837
2024-08-31,haiku,full,mapped,0.007907,-0.068929
2024-09-30,haiku,full,mapped,-0.001215,-0.070144
2024-10-31,haiku,full,mapped,0.004304,-0.06584
2024-11-30,haiku,full,mapped,-0.007406,-0.073247
2024-12-31,haiku,full,mapped,-0.002848,-0.076094
2025-01-31,haiku,full,mapped,-0.000157,-0.076251
2025-02-28,haiku,full,mapped,0.008179,-0.068072
2025-03-31,haiku,full,mapped,-0.007831,-0.075903
2025-04-30,haiku,full,mapped,0.002623,-0.07328
2025-05-31,haiku,full,mapped,-0.017309,-0.090589
2025-06-30,haiku,full,mapped,0.020145,-0.070444
2025-07-31,haiku,full,mapped,0.008836,-0.061608
2025-08-31,haiku,full,mapped,0.000131,-0.061477
2025-09-30,haiku,full,mapped,0.003736,-0.057741
2025-10-31,haiku,full,mapped,0.005293,-0.052448
2025-11-30,haiku,full,mapped,0.000292,-0.052156
2025-12-31,haiku,full,mapped,-0.000711,-0.052866
2026-01-31,haiku,full,mapped,-0.000491,-0.053358
2026-02-28,haiku,full,mapped,0.004281,-0.049077
2026-03-31,haiku,full,mapped,0.001338,-0.047739
2026-04-30,haiku,full,mapped,-0.00338,-0.051119
2026-05-31,haiku,full,mapped,0.025916,-0.025203
2026-06-30,haiku,full,mapped,0.004216,-0.020987
2016-02-29,haiku,full,pm_trade,0.003357,0.003357
2016-03-31,haiku,full,pm_trade,0.023829,0.027186
2016-04-30,haiku,full,pm_trade,0.004933,0.032119
2016-05-31,haiku,full,pm_trade,0.012066,0.044185
2016-06-30,haiku,full,pm_trade,0.010942,0.055127
2016-07-31,haiku,full,pm_trade,-0.012816,0.04231
2016-08-31,haiku,full,pm_trade,-7.2e-05,0.042238
2016-09-30,haiku,full,pm_trade,-0.000184,0.042054
2016-10-31,haiku,full,pm_trade,0.002516,0.04457
2016-11-30,haiku,full,pm_trade,-0.008064,0.036507
2016-12-31,haiku,full,pm_trade,0.006836,0.043342
2017-01-31,haiku,full,pm_trade,0.004162,0.047505
2017-02-28,haiku,full,pm_trade,0.022269,0.069774
2017-03-31,haiku,full,pm_trade,0.000105,0.069879
2017-04-30,haiku,full,pm_trade,-0.00181,0.068069
2017-05-31,haiku,full,pm_trade,-0.002791,0.065278
2017-06-30,haiku,full,pm_trade,0.001716,0.066994
2017-07-31,haiku,full,pm_trade,0.014678,0.081672
2017-08-31,haiku,full,pm_trade,-0.00542,0.076252
2017-09-30,haiku,full,pm_trade,-0.011543,0.064709
2017-10-31,haiku,full,pm_trade,0.0102,0.074908
2017-11-30,haiku,full,pm_trade,-0.001771,0.073137
2017-12-31,haiku,full,pm_trade,-0.005322,0.067815
2018-01-31,haiku,full,pm_trade,0.043328,0.111143
2018-02-28,haiku,full,pm_trade,0.008069,0.119211
2018-03-31,haiku,full,pm_trade,0.005251,0.124463
2018-04-30,haiku,full,pm_trade,-0.002012,0.12245
2018-05-31,haiku,full,pm_trade,-0.002742,0.119708
2018-06-30,haiku,full,pm_trade,0.000152,0.11986
2018-07-31,haiku,full,pm_trade,0.018732,0.138592
2018-08-31,haiku,full,pm_trade,-0.00264,0.135952
2018-09-30,haiku,full,pm_trade,-0.000763,0.135189
2018-10-31,haiku,full,pm_trade,-0.014373,0.120817
2018-11-30,haiku,full,pm_trade,-0.007322,0.113494
2018-12-31,haiku,full,pm_trade,-0.016246,0.097249
2019-01-31,haiku,full,pm_trade,-0.016913,0.080336
2019-02-28,haiku,full,pm_trade,-0.009026,0.07131
2019-03-31,haiku,full,pm_trade,0.002441,0.073751
2019-04-30,haiku,full,pm_trade,-0.006805,0.066947
2019-05-31,haiku,full,pm_trade,-0.038958,0.027988
2019-06-30,haiku,full,pm_trade,0.011132,0.03912
2019-07-31,haiku,full,pm_trade,-0.001047,0.038073
2019-08-31,haiku,full,pm_trade,0.003782,0.041856
2019-09-30,haiku,full,pm_trade,-0.00457,0.037286
2019-10-31,haiku,full,pm_trade,0.010269,0.047555
2019-11-30,haiku,full,pm_trade,0.020646,0.068201
2019-12-31,haiku,full,pm_trade,0.01934,0.087541
2020-01-31,haiku,full,pm_trade,-0.001766,0.085775
2020-02-29,haiku,full,pm_trade,0.024043,0.109818
2020-03-31,haiku,full,pm_trade,0.058276,0.168094
2020-04-30,haiku,full,pm_trade,0.048534,0.216628
2020-05-31,haiku,full,pm_trade,-0.014177,0.202451
2020-06-30,haiku,full,pm_trade,-0.001695,0.200755
2020-07-31,haiku,full,pm_trade,0.036514,0.23727
2020-08-31,haiku,full,pm_trade,0.017952,0.255222
2020-09-30,haiku,full,pm_trade,-0.024187,0.231035
2020-10-31,haiku,full,pm_trade,-0.003596,0.227439
2020-11-30,haiku,full,pm_trade,-0.032878,0.194561
2020-12-31,haiku,full,pm_trade,0.01163,0.206191
2021-01-31,haiku,full,pm_trade,-0.000367,0.205823
2021-02-28,haiku,full,pm_trade,-0.00516,0.200663
2021-03-31,haiku,full,pm_trade,-0.008252,0.192411
2021-04-30,haiku,full,pm_trade,-0.009961,0.18245
2021-05-31,haiku,full,pm_trade,-0.000959,0.18149
2021-06-30,haiku,full,pm_trade,0.007927,0.189417
2021-07-31,haiku,full,pm_trade,0.014272,0.203689
2021-08-31,haiku,full,pm_trade,-0.008621,0.195069
2021-09-30,haiku,full,pm_trade,-0.003419,0.19165
2021-10-31,haiku,full,pm_trade,-0.009984,0.181665
2021-11-30,haiku,full,pm_trade,-0.000599,0.181066
2021-12-31,haiku,full,pm_trade,-0.007248,0.173819
2022-01-31,haiku,full,pm_trade,0.013013,0.186832
2022-02-28,haiku,full,pm_trade,-0.004309,0.182523
2022-03-31,haiku,full,pm_trade,-0.007008,0.175515
2022-04-30,haiku,full,pm_trade,-0.032523,0.142992
2022-05-31,haiku,full,pm_trade,-0.003008,0.139984
2022-06-30,haiku,full,pm_trade,0.011005,0.150989
2022-07-31,haiku,full,pm_trade,-0.004918,0.146071
2022-08-31,haiku,full,pm_trade,0.003387,0.149458
2022-09-30,haiku,full,pm_trade,0.021899,0.171357
2022-10-31,haiku,full,pm_trade,-0.016261,0.155095
2022-11-30,haiku,full,pm_trade,-0.005758,0.149337
2022-12-31,haiku,full,pm_trade,-0.034217,0.115121
2023-01-31,haiku,full,pm_trade,0.026687,0.141807
2023-02-28,haiku,full,pm_trade,-0.019168,0.122639
2023-03-31,haiku,full,pm_trade,-0.006208,0.116431
2023-04-30,haiku,full,pm_trade,0.00714,0.123572
2023-05-31,haiku,full,pm_trade,-0.001238,0.122334
2023-06-30,haiku,full,pm_trade,-0.007629,0.114705
2023-07-31,haiku,full,pm_trade,0.016056,0.130761
2023-08-31,haiku,full,pm_trade,-0.017212,0.113549
2023-09-30,haiku,full,pm_trade,0.005591,0.119139
2023-10-31,haiku,full,pm_trade,0.00382,0.12296
2023-11-30,haiku,full,pm_trade,-0.037368,0.085592
2023-12-31,haiku,full,pm_trade,0.026493,0.112085
2024-01-31,haiku,full,pm_trade,0.008874,0.120959
2024-02-29,haiku,full,pm_trade,0.006053,0.127011
2024-03-31,haiku,full,pm_trade,-0.005524,0.121488
2024-04-30,haiku,full,pm_trade,0.002912,0.124399
2024-05-31,haiku,full,pm_trade,-0.009167,0.115232
2024-06-30,haiku,full,pm_trade,-0.005873,0.109359
2024-07-31,haiku,full,pm_trade,0.000356,0.109715
2024-08-31,haiku,full,pm_trade,0.016213,0.125928
2024-09-30,haiku,full,pm_trade,0.005135,0.131063
2024-10-31,haiku,full,pm_trade,0.006088,0.137151
2024-11-30,haiku,full,pm_trade,-0.006774,0.130378
2024-12-31,haiku,full,pm_trade,0.002456,0.132833
2025-01-31,haiku,full,pm_trade,0.00368,0.136514
2025-02-28,haiku,full,pm_trade,0.003964,0.140478
2025-03-31,haiku,full,pm_trade,0.015508,0.155986
2025-04-30,haiku,full,pm_trade,0.002399,0.158385
2025-05-31,haiku,full,pm_trade,0.011026,0.169411
2025-06-30,haiku,full,pm_trade,0.023487,0.192898
2025-07-31,haiku,full,pm_trade,0.016469,0.209366
2025-08-31,haiku,full,pm_trade,-0.003393,0.205974
2025-09-30,haiku,full,pm_trade,-0.004834,0.201139
2025-10-31,haiku,full,pm_trade,-0.002356,0.198783
2025-11-30,haiku,full,pm_trade,0.000175,0.198958
2025-12-31,haiku,full,pm_trade,0.001538,0.200496
2026-01-31,haiku,full,pm_trade,-0.000617,0.199879
2026-02-28,haiku,full,pm_trade,0.002007,0.201885
2026-03-31,haiku,full,pm_trade,0.006674,0.208559
2026-04-30,haiku,full,pm_trade,-0.023003,0.185556
2026-05-31,haiku,full,pm_trade,0.028719,0.214276
2026-06-30,haiku,full,pm_trade,-0.004642,0.209633
2016-02-29,haiku,conv,mapped,0.00093,0.00093
2016-03-31,haiku,conv,mapped,0.00579,0.00672
2016-04-30,haiku,conv,mapped,0.003426,0.010146
2016-05-31,haiku,conv,mapped,0.011682,0.021828
2016-06-30,haiku,conv,mapped,0.008202,0.03003
2016-07-31,haiku,conv,mapped,-0.0313,-0.00127
2016-08-31,haiku,conv,mapped,-5.9e-05,-0.001329
2016-09-30,haiku,conv,mapped,-0.000395,-0.001724
2016-10-31,haiku,conv,mapped,0.001061,-0.000663
2016-11-30,haiku,conv,mapped,0.001162,0.000499
2016-12-31,haiku,conv,mapped,0.002395,0.002894
2017-01-31,haiku,conv,mapped,-0.001037,0.001856
2017-02-28,haiku,conv,mapped,0.018809,0.020665
2017-03-31,haiku,conv,mapped,-3.8e-05,0.020627
2017-04-30,haiku,conv,mapped,-0.001042,0.019585
2017-05-31,haiku,conv,mapped,-0.002165,0.01742
2017-06-30,haiku,conv,mapped,-0.000366,0.017054
2017-07-31,haiku,conv,mapped,0.012969,0.030023
2017-08-31,haiku,conv,mapped,-0.003644,0.026379
2017-09-30,haiku,conv,mapped,-0.00397,0.022409
2017-10-31,haiku,conv,mapped,0.005676,0.028084
2017-11-30,haiku,conv,mapped,0.000633,0.028717
2017-12-31,haiku,conv,mapped,0.001689,0.030407
2018-01-31,haiku,conv,mapped,-0.002949,0.027457
2018-02-28,haiku,conv,mapped,-0.00611,0.021347
2018-03-31,haiku,conv,mapped,-0.00275,0.018597
2018-04-30,haiku,conv,mapped,-0.003224,0.015373
2018-05-31,haiku,conv,mapped,0.000339,0.015712
2018-06-30,haiku,conv,mapped,7.3e-05,0.015785
2018-07-31,haiku,conv,mapped,-0.002119,0.013666
2018-08-31,haiku,conv,mapped,0.005414,0.01908
2018-09-30,haiku,conv,mapped,0.000344,0.019424
2018-10-31,haiku,conv,mapped,-0.015439,0.003985
2018-11-30,haiku,conv,mapped,-0.021592,-0.017607
2018-12-31,haiku,conv,mapped,-0.020701,-0.038308
2019-01-31,haiku,conv,mapped,-0.034923,-0.07323
2019-02-28,haiku,conv,mapped,0.023921,-0.049309
2019-03-31,haiku,conv,mapped,-0.001622,-0.050932
2019-04-30,haiku,conv,mapped,0.001978,-0.048954
2019-05-31,haiku,conv,mapped,-0.029388,-0.078342
2019-06-30,haiku,conv,mapped,0.004935,-0.073407
2019-07-31,haiku,conv,mapped,0.010728,-0.062679
2019-08-31,haiku,conv,mapped,-0.010524,-0.073203
2019-09-30,haiku,conv,mapped,-0.003779,-0.076982
2019-10-31,haiku,conv,mapped,0.008106,-0.068876
2019-11-30,haiku,conv,mapped,0.022743,-0.046133
2019-12-31,haiku,conv,mapped,0.009616,-0.036517
2020-01-31,haiku,conv,mapped,8.8e-05,-0.036429
2020-02-29,haiku,conv,mapped,0.040595,0.004166
2020-03-31,haiku,conv,mapped,0.016466,0.020633
2020-04-30,haiku,conv,mapped,0.018182,0.038815
2020-05-31,haiku,conv,mapped,0.024911,0.063726
2020-06-30,haiku,conv,mapped,-0.000517,0.063209
2020-07-31,haiku,conv,mapped,-0.010666,0.052544
2020-08-31,haiku,conv,mapped,0.035133,0.087677
2020-09-30,haiku,conv,mapped,-0.012433,0.075244
2020-10-31,haiku,conv,mapped,-0.000947,0.074297
2020-11-30,haiku,conv,mapped,-0.040075,0.034222
2020-12-31,haiku,conv,mapped,0.010292,0.044514
2021-01-31,haiku,conv,mapped,0.001541,0.046054
2021-02-28,haiku,conv,mapped,-0.005241,0.040813
2021-03-31,haiku,conv,mapped,0.00955,0.050363
2021-04-30,haiku,conv,mapped,0.002763,0.053126
2021-05-31,haiku,conv,mapped,0.000345,0.053471
2021-06-30,haiku,conv,mapped,-0.000153,0.053318
2021-07-31,haiku,conv,mapped,0.003259,0.056577
2021-08-31,haiku,conv,mapped,-0.014922,0.041655
2021-09-30,haiku,conv,mapped,-0.002511,0.039144
2021-10-31,haiku,conv,mapped,-0.001145,0.037998
2021-11-30,haiku,conv,mapped,-8e-06,0.03799
2021-12-31,haiku,conv,mapped,-0.009197,0.028793
2022-01-31,haiku,conv,mapped,-0.001181,0.027612
2022-02-28,haiku,conv,mapped,-0.002791,0.024821
2022-03-31,haiku,conv,mapped,-0.002353,0.022468
2022-04-30,haiku,conv,mapped,-0.026202,-0.003734
2022-05-31,haiku,conv,mapped,-0.002585,-0.006319
2022-06-30,haiku,conv,mapped,-0.002172,-0.008491
2022-07-31,haiku,conv,mapped,-0.014494,-0.022985
2022-08-31,haiku,conv,mapped,-0.00717,-0.030155
2022-09-30,haiku,conv,mapped,0.01115,-0.019005
2022-10-31,haiku,conv,mapped,-0.039929,-0.058934
2022-11-30,haiku,conv,mapped,0.013112,-0.045822
2022-12-31,haiku,conv,mapped,-0.033355,-0.079177
2023-01-31,haiku,conv,mapped,0.003867,-0.07531
2023-02-28,haiku,conv,mapped,-0.010681,-0.085991
2023-03-31,haiku,conv,mapped,-0.012098,-0.098089
2023-04-30,haiku,conv,mapped,0.00253,-0.095559
2023-05-31,haiku,conv,mapped,0.001779,-0.09378
2023-06-30,haiku,conv,mapped,-0.007793,-0.101573
2023-07-31,haiku,conv,mapped,0.004837,-0.096736
2023-08-31,haiku,conv,mapped,0.002419,-0.094316
2023-09-30,haiku,conv,mapped,0.013355,-0.080961
2023-10-31,haiku,conv,mapped,0.001112,-0.079849
2023-11-30,haiku,conv,mapped,-0.021476,-0.101325
2023-12-31,haiku,conv,mapped,0.022364,-0.078961
2024-01-31,haiku,conv,mapped,0.001065,-0.077895
2024-02-29,haiku,conv,mapped,-0.000111,-0.078006
2024-03-31,haiku,conv,mapped,-0.003401,-0.081408
2024-04-30,haiku,conv,mapped,0.000432,-0.080976
2024-05-31,haiku,conv,mapped,-0.008863,-0.089839
2024-06-30,haiku,conv,mapped,0.003195,-0.086644
2024-07-31,haiku,conv,mapped,8.3e-05,-0.08656
2024-08-31,haiku,conv,mapped,-9.4e-05,-0.086655
2024-09-30,haiku,conv,mapped,-0.000722,-0.087377
2024-10-31,haiku,conv,mapped,0.004389,-0.082987
2024-11-30,haiku,conv,mapped,-0.001191,-0.084179
2024-12-31,haiku,conv,mapped,-0.001991,-0.086169
2025-01-31,haiku,conv,mapped,0.00013,-0.08604
2025-02-28,haiku,conv,mapped,0.00272,-0.08332
2025-03-31,haiku,conv,mapped,-0.015801,-0.099121
2025-04-30,haiku,conv,mapped,-0.000633,-0.099754
2025-05-31,haiku,conv,mapped,-0.017508,-0.117262
2025-06-30,haiku,conv,mapped,0.021067,-0.096195
2025-07-31,haiku,conv,mapped,0.005608,-0.090587
2025-08-31,haiku,conv,mapped,0.000105,-0.090481
2025-09-30,haiku,conv,mapped,0.006432,-0.084049
2025-10-31,haiku,conv,mapped,0.002679,-0.08137
2025-11-30,haiku,conv,mapped,0.000101,-0.08127
2025-12-31,haiku,conv,mapped,-0.001093,-0.082363
2026-01-31,haiku,conv,mapped,-0.000446,-0.082808
2026-02-28,haiku,conv,mapped,0.003964,-0.078844
2026-03-31,haiku,conv,mapped,-0.000917,-0.079761
2026-04-30,haiku,conv,mapped,-0.003739,-0.083499
2026-05-31,haiku,conv,mapped,0.016645,-0.066854
2026-06-30,haiku,conv,mapped,0.002514,-0.06434
2016-02-29,haiku,conv,pm_trade,-0.000528,-0.000528
2016-03-31,haiku,conv,pm_trade,-0.003748,-0.004276
2016-04-30,haiku,conv,pm_trade,-0.001273,-0.005549
2016-05-31,haiku,conv,pm_trade,0.016703,0.011154
2016-06-30,haiku,conv,pm_trade,0.00877,0.019924
2016-07-31,haiku,conv,pm_trade,-0.005509,0.014415
2016-08-31,haiku,conv,pm_trade,-9.6e-05,0.014319
2016-09-30,haiku,conv,pm_trade,-0.000108,0.014211
2016-10-31,haiku,conv,pm_trade,0.005133,0.019344
2016-11-30,haiku,conv,pm_trade,0.000834,0.020178
2016-12-31,haiku,conv,pm_trade,-0.000408,0.01977
2017-01-31,haiku,conv,pm_trade,-0.003346,0.016423
2017-02-28,haiku,conv,pm_trade,0.026536,0.042959
2017-03-31,haiku,conv,pm_trade,4.5e-05,0.043004
2017-04-30,haiku,conv,pm_trade,-0.000778,0.042226
2017-05-31,haiku,conv,pm_trade,-0.004921,0.037306
2017-06-30,haiku,conv,pm_trade,8.1e-05,0.037386
2017-07-31,haiku,conv,pm_trade,0.01688,0.054267
2017-08-31,haiku,conv,pm_trade,-0.00708,0.047187
2017-09-30,haiku,conv,pm_trade,-0.012288,0.034899
2017-10-31,haiku,conv,pm_trade,0.015316,0.050215
2017-11-30,haiku,conv,pm_trade,0.000183,0.050398
2017-12-31,haiku,conv,pm_trade,-0.002288,0.048111
2018-01-31,haiku,conv,pm_trade,-0.005996,0.042114
2018-02-28,haiku,conv,pm_trade,-0.002985,0.039129
2018-03-31,haiku,conv,pm_trade,-0.010285,0.028843
2018-04-30,haiku,conv,pm_trade,-0.004084,0.024759
2018-05-31,haiku,conv,pm_trade,-0.003601,0.021158
2018-06-30,haiku,conv,pm_trade,2.5e-05,0.021183
2018-07-31,haiku,conv,pm_trade,-0.006602,0.014581
2018-08-31,haiku,conv,pm_trade,-0.003939,0.010642
2018-09-30,haiku,conv,pm_trade,-0.000328,0.010314
2018-10-31,haiku,conv,pm_trade,0.007131,0.017446
2018-11-30,haiku,conv,pm_trade,-0.016814,0.000632
2018-12-31,haiku,conv,pm_trade,0.008061,0.008693
2019-01-31,haiku,conv,pm_trade,-0.00574,0.002953
2019-02-28,haiku,conv,pm_trade,0.039436,0.042389
2019-03-31,haiku,conv,pm_trade,-0.001211,0.041178
2019-04-30,haiku,conv,pm_trade,0.000704,0.041881
2019-05-31,haiku,conv,pm_trade,-0.05212,-0.010239
2019-06-30,haiku,conv,pm_trade,0.042439,0.0322
2019-07-31,haiku,conv,pm_trade,0.017281,0.049481
2019-08-31,haiku,conv,pm_trade,0.002594,0.052075
2019-09-30,haiku,conv,pm_trade,-0.004488,0.047587
2019-10-31,haiku,conv,pm_trade,0.012412,0.059999
2019-11-30,haiku,conv,pm_trade,0.035026,0.095024
2019-12-31,haiku,conv,pm_trade,-0.000967,0.094058
2020-01-31,haiku,conv,pm_trade,0.000345,0.094403
2020-02-29,haiku,conv,pm_trade,0.031826,0.126229
2020-03-31,haiku,conv,pm_trade,0.032187,0.158416
2020-04-30,haiku,conv,pm_trade,0.072882,0.231298
2020-05-31,haiku,conv,pm_trade,-0.006094,0.225204
2020-06-30,haiku,conv,pm_trade,0.000319,0.225523
2020-07-31,haiku,conv,pm_trade,-0.007136,0.218387
2020-08-31,haiku,conv,pm_trade,0.053263,0.27165
2020-09-30,haiku,conv,pm_trade,0.004727,0.276377
2020-10-31,haiku,conv,pm_trade,-0.005362,0.271015
2020-11-30,haiku,conv,pm_trade,0.002217,0.273232
2020-12-31,haiku,conv,pm_trade,0.016888,0.29012
2021-01-31,haiku,conv,pm_trade,0.000501,0.290621
2021-02-28,haiku,conv,pm_trade,-0.005795,0.284826
2021-03-31,haiku,conv,pm_trade,0.027255,0.312081
2021-04-30,haiku,conv,pm_trade,-0.004282,0.307799
2021-05-31,haiku,conv,pm_trade,-0.000911,0.306888
2021-06-30,haiku,conv,pm_trade,-0.000588,0.306299
2021-07-31,haiku,conv,pm_trade,-0.003637,0.302662
2021-08-31,haiku,conv,pm_trade,-0.010333,0.292329
2021-09-30,haiku,conv,pm_trade,-0.006777,0.285552
2021-10-31,haiku,conv,pm_trade,-0.002799,0.282753
2021-11-30,haiku,conv,pm_trade,9.4e-05,0.282847
2021-12-31,haiku,conv,pm_trade,-0.003115,0.279731
2022-01-31,haiku,conv,pm_trade,0.019472,0.299203
2022-02-28,haiku,conv,pm_trade,0.000751,0.299954
2022-03-31,haiku,conv,pm_trade,-0.003012,0.296942
2022-04-30,haiku,conv,pm_trade,-0.064548,0.232394
2022-05-31,haiku,conv,pm_trade,-0.000626,0.231768
2022-06-30,haiku,conv,pm_trade,0.016466,0.248235
2022-07-31,haiku,conv,pm_trade,-0.021383,0.226851
2022-08-31,haiku,conv,pm_trade,0.003262,0.230113
2022-09-30,haiku,conv,pm_trade,0.009414,0.239527
2022-11-30,haiku,conv,pm_trade,-0.002475,0.237051
2022-12-31,haiku,conv,pm_trade,-0.029746,0.207305
2023-01-31,haiku,conv,pm_trade,0.015545,0.22285
2023-02-28,haiku,conv,pm_trade,0.000824,0.223674
2023-03-31,haiku,conv,pm_trade,-0.005979,0.217695
2023-04-30,haiku,conv,pm_trade,-0.00094,0.216755
2023-05-31,haiku,conv,pm_trade,0.003428,0.220183
2023-06-30,haiku,conv,pm_trade,-0.015566,0.204617
2023-07-31,haiku,conv,pm_trade,-0.007356,0.197261
2023-08-31,haiku,conv,pm_trade,0.01171,0.20897
2023-09-30,haiku,conv,pm_trade,0.009856,0.218826
2023-10-31,haiku,conv,pm_trade,-0.000846,0.21798
2023-11-30,haiku,conv,pm_trade,-0.03978,0.1782
2023-12-31,haiku,conv,pm_trade,-0.003487,0.174713
2024-01-31,haiku,conv,pm_trade,-0.000659,0.174054
2024-02-29,haiku,conv,pm_trade,-0.003003,0.171051
2024-03-31,haiku,conv,pm_trade,-0.008266,0.162786
2024-04-30,haiku,conv,pm_trade,0.010997,0.173783
2024-05-31,haiku,conv,pm_trade,-0.008946,0.164836
2024-06-30,haiku,conv,pm_trade,-0.002524,0.162312
2024-07-31,haiku,conv,pm_trade,-0.000282,0.16203
2024-08-31,haiku,conv,pm_trade,-0.008878,0.153152
2024-09-30,haiku,conv,pm_trade,-0.001004,0.152149
2024-10-31,haiku,conv,pm_trade,0.007934,0.160083
2024-11-30,haiku,conv,pm_trade,0.0007,0.160783
2024-12-31,haiku,conv,pm_trade,0.001056,0.161839
2025-01-31,haiku,conv,pm_trade,0.004634,0.166473
2025-02-28,haiku,conv,pm_trade,0.001345,0.167818
2025-03-31,haiku,conv,pm_trade,0.005263,0.173081
2025-04-30,haiku,conv,pm_trade,-0.007923,0.165158
2025-05-31,haiku,conv,pm_trade,-0.019044,0.146114
2025-06-30,haiku,conv,pm_trade,0.027951,0.174066
2025-07-31,haiku,conv,pm_trade,0.019905,0.19397
2025-08-31,haiku,conv,pm_trade,-0.000706,0.193265
2025-09-30,haiku,conv,pm_trade,-0.002078,0.191187
2025-10-31,haiku,conv,pm_trade,-0.004862,0.186325
2025-11-30,haiku,conv,pm_trade,0.000168,0.186493
2025-12-31,haiku,conv,pm_trade,-0.000763,0.18573
2026-01-31,haiku,conv,pm_trade,-0.000623,0.185107
2026-02-28,haiku,conv,pm_trade,0.000863,0.185969
2026-03-31,haiku,conv,pm_trade,0.021394,0.207364
2026-04-30,haiku,conv,pm_trade,-0.050366,0.156998
2026-05-31,haiku,conv,pm_trade,0.029107,0.186105
2026-06-30,haiku,conv,pm_trade,0.002303,0.188408
2016-02-29,haiku,raw,mapped,-0.001158,-0.001158
2016-03-31,haiku,raw,mapped,-8.3e-05,-0.001241
2016-04-30,haiku,raw,mapped,0.003129,0.001888
2016-05-31,haiku,raw,mapped,0.012409,0.014297
2016-06-30,haiku,raw,mapped,-0.013714,0.000583
2016-07-31,haiku,raw,mapped,-0.030876,-0.030293
2016-08-31,haiku,raw,mapped,-1.4e-05,-0.030308
2016-09-30,haiku,raw,mapped,0.000666,-0.029642
2016-10-31,haiku,raw,mapped,0.001862,-0.02778
2016-11-30,haiku,raw,mapped,0.001536,-0.026244
2016-12-31,haiku,raw,mapped,0.001977,-0.024267
2017-01-31,haiku,raw,mapped,0.00732,-0.016947
2017-02-28,haiku,raw,mapped,0.003722,-0.013225
2017-03-31,haiku,raw,mapped,-0.000167,-0.013393
2017-04-30,haiku,raw,mapped,-0.000379,-0.013772
2017-05-31,haiku,raw,mapped,0.00109,-0.012682
2017-06-30,haiku,raw,mapped,0.000201,-0.012482
2017-07-31,haiku,raw,mapped,0.003826,-0.008656
2017-08-31,haiku,raw,mapped,-0.003947,-0.012603
2017-09-30,haiku,raw,mapped,0.007207,-0.005396
2017-10-31,haiku,raw,mapped,0.005211,-0.000185
2017-11-30,haiku,raw,mapped,-0.000371,-0.000556
2017-12-31,haiku,raw,mapped,0.011301,0.010745
2018-01-31,haiku,raw,mapped,0.006376,0.017121
2018-02-28,haiku,raw,mapped,-0.004764,0.012358
2018-03-31,haiku,raw,mapped,-0.002318,0.010039
2018-04-30,haiku,raw,mapped,-0.001629,0.008411
2018-05-31,haiku,raw,mapped,-0.001198,0.007212
2018-06-30,haiku,raw,mapped,0.000183,0.007396
2018-07-31,haiku,raw,mapped,0.004504,0.0119
2018-08-31,haiku,raw,mapped,0.001454,0.013354
2018-09-30,haiku,raw,mapped,0.000755,0.014109
2018-10-31,haiku,raw,mapped,-0.024171,-0.010062
2018-11-30,haiku,raw,mapped,0.005299,-0.004762
2018-12-31,haiku,raw,mapped,0.016427,0.011665
2019-01-31,haiku,raw,mapped,-0.011697,-3.2e-05
2019-02-28,haiku,raw,mapped,0.002922,0.00289
2019-03-31,haiku,raw,mapped,-0.000778,0.002112
2019-04-30,haiku,raw,mapped,0.020346,0.022458
2019-05-31,haiku,raw,mapped,-0.007838,0.01462
2019-06-30,haiku,raw,mapped,-0.015539,-0.000918
2019-07-31,haiku,raw,mapped,0.003438,0.00252
2019-08-31,haiku,raw,mapped,0.005287,0.007806
2019-09-30,haiku,raw,mapped,-0.005328,0.002479
2019-10-31,haiku,raw,mapped,-0.004043,-0.001565
2019-11-30,haiku,raw,mapped,0.017051,0.015486
2019-12-31,haiku,raw,mapped,0.020864,0.03635
2020-01-31,haiku,raw,mapped,-0.00208,0.03427
2020-02-29,haiku,raw,mapped,0.013737,0.048007
2020-03-31,haiku,raw,mapped,-0.048602,-0.000595
2020-04-30,haiku,raw,mapped,-0.020801,-0.021396
2020-05-31,haiku,raw,mapped,-0.010529,-0.031925
2020-06-30,haiku,raw,mapped,-0.000242,-0.032168
2020-07-31,haiku,raw,mapped,-0.014543,-0.046711
2020-08-31,haiku,raw,mapped,0.006347,-0.040364
2020-09-30,haiku,raw,mapped,-0.015289,-0.055653
2020-10-31,haiku,raw,mapped,-0.002223,-0.057876
2020-11-30,haiku,raw,mapped,0.014089,-0.043786
2020-12-31,haiku,raw,mapped,0.004001,-0.039785
2021-01-31,haiku,raw,mapped,0.002091,-0.037693
2021-02-28,haiku,raw,mapped,0.016805,-0.020889
2021-03-31,haiku,raw,mapped,-0.005579,-0.026467
2021-04-30,haiku,raw,mapped,0.015841,-0.010627
2021-05-31,haiku,raw,mapped,0.001034,-0.009593
2021-06-30,haiku,raw,mapped,0.002849,-0.006744
2021-07-31,haiku,raw,mapped,0.01492,0.008176
2021-08-31,haiku,raw,mapped,-4.8e-05,0.008127
2021-09-30,haiku,raw,mapped,-0.002305,0.005822
2021-10-31,haiku,raw,mapped,-0.008743,-0.002921
2021-11-30,haiku,raw,mapped,-0.000203,-0.003124
2021-12-31,haiku,raw,mapped,0.00283,-0.000294
2022-01-31,haiku,raw,mapped,0.000991,0.000697
2022-02-28,haiku,raw,mapped,0.003976,0.004673
2022-03-31,haiku,raw,mapped,-0.006139,-0.001466
2022-04-30,haiku,raw,mapped,-0.002083,-0.003549
2022-05-31,haiku,raw,mapped,0.002024,-0.001525
2022-06-30,haiku,raw,mapped,0.011107,0.009582
2022-07-31,haiku,raw,mapped,-0.014848,-0.005266
2022-08-31,haiku,raw,mapped,0.002741,-0.002525
2022-09-30,haiku,raw,mapped,0.007506,0.004982
2022-10-31,haiku,raw,mapped,-0.007742,-0.00276
2022-11-30,haiku,raw,mapped,0.004167,0.001407
2022-12-31,haiku,raw,mapped,-0.01012,-0.008713
2023-01-31,haiku,raw,mapped,0.005668,-0.003045
2023-02-28,haiku,raw,mapped,-0.005669,-0.008714
2023-03-31,haiku,raw,mapped,-0.004197,-0.012911
2023-04-30,haiku,raw,mapped,-0.002498,-0.015409
2023-05-31,haiku,raw,mapped,-0.001002,-0.016411
2023-06-30,haiku,raw,mapped,0.010302,-0.006108
2023-07-31,haiku,raw,mapped,0.014699,0.008591
2023-08-31,haiku,raw,mapped,0.00529,0.013881
2023-09-30,haiku,raw,mapped,0.000798,0.01468
2023-10-31,haiku,raw,mapped,-0.004832,0.009847
2023-11-30,haiku,raw,mapped,-0.009331,0.000516
2023-12-31,haiku,raw,mapped,0.016144,0.01666
2024-01-31,haiku,raw,mapped,0.004265,0.020925
2024-02-29,haiku,raw,mapped,0.006919,0.027844
2024-03-31,haiku,raw,mapped,0.006575,0.034419
2024-04-30,haiku,raw,mapped,-0.004099,0.03032
2024-05-31,haiku,raw,mapped,0.012696,0.043016
2024-06-30,haiku,raw,mapped,-0.002404,0.040612
2024-07-31,haiku,raw,mapped,-0.002279,0.038333
2024-08-31,haiku,raw,mapped,0.006271,0.044604
2024-09-30,haiku,raw,mapped,-0.001734,0.04287
2024-10-31,haiku,raw,mapped,0.000653,0.043523
2024-11-30,haiku,raw,mapped,0.005354,0.048877
2024-12-31,haiku,raw,mapped,-0.006524,0.042352
2025-01-31,haiku,raw,mapped,-0.001243,0.04111
2025-02-28,haiku,raw,mapped,0.005454,0.046564
2025-03-31,haiku,raw,mapped,0.006645,0.053209
2025-04-30,haiku,raw,mapped,0.001942,0.05515
2025-05-31,haiku,raw,mapped,-0.006907,0.048243
2025-06-30,haiku,raw,mapped,0.005667,0.05391
2025-07-31,haiku,raw,mapped,-0.002467,0.051443
2025-08-31,haiku,raw,mapped,0.007098,0.058541
2025-09-30,haiku,raw,mapped,0.006076,0.064617
2025-10-31,haiku,raw,mapped,0.006682,0.071299
2025-11-30,haiku,raw,mapped,1.3e-05,0.071312
2025-12-31,haiku,raw,mapped,0.001403,0.072715
2026-01-31,haiku,raw,mapped,-0.000247,0.072468
2026-02-28,haiku,raw,mapped,-0.00065,0.071818
2026-03-31,haiku,raw,mapped,0.005854,0.077672
2026-04-30,haiku,raw,mapped,-0.056949,0.020723
2026-05-31,haiku,raw,mapped,0.013911,0.034634
2026-06-30,haiku,raw,mapped,-0.003521,0.031113
2016-02-29,haiku,raw,pm_trade,0.004726,0.004726
2016-03-31,haiku,raw,pm_trade,0.028895,0.033621
2016-04-30,haiku,raw,pm_trade,0.00981,0.043431
2016-05-31,haiku,raw,pm_trade,0.012609,0.05604
2016-07-31,haiku,raw,pm_trade,0.042469,0.098509
2016-08-31,haiku,raw,pm_trade,-6.1e-05,0.098448
2016-09-30,haiku,raw,pm_trade,-0.000239,0.098209
2016-10-31,haiku,raw,pm_trade,0.003267,0.101476
2016-11-30,haiku,raw,pm_trade,0.02242,0.123896
2016-12-31,haiku,raw,pm_trade,-0.002382,0.121514
2017-01-31,haiku,raw,pm_trade,-0.002013,0.119501
2017-02-28,haiku,raw,pm_trade,-0.006003,0.113498
2017-03-31,haiku,raw,pm_trade,-0.000293,0.113205
2017-04-30,haiku,raw,pm_trade,0.005033,0.118238
2017-05-31,haiku,raw,pm_trade,0.006272,0.12451
2017-06-30,haiku,raw,pm_trade,-0.000327,0.124183
2017-07-31,haiku,raw,pm_trade,0.010742,0.134925
2017-08-31,haiku,raw,pm_trade,-0.006572,0.128353
2017-09-30,haiku,raw,pm_trade,0.01522,0.143573
2017-10-31,haiku,raw,pm_trade,-0.004416,0.139156
2017-11-30,haiku,raw,pm_trade,0.004925,0.144081
2017-12-31,haiku,raw,pm_trade,0.013379,0.15746
2018-01-31,haiku,raw,pm_trade,0.038786,0.196246
2018-02-28,haiku,raw,pm_trade,-0.018131,0.178115
2018-03-31,haiku,raw,pm_trade,-0.019908,0.158207
2018-04-30,haiku,raw,pm_trade,-0.001916,0.156291
2018-05-31,haiku,raw,pm_trade,-0.00356,0.15273
2018-06-30,haiku,raw,pm_trade,-0.000422,0.152309
2018-07-31,haiku,raw,pm_trade,-0.002873,0.149436
2018-08-31,haiku,raw,pm_trade,-0.005386,0.14405
2018-09-30,haiku,raw,pm_trade,0.001714,0.145764
2018-10-31,haiku,raw,pm_trade,0.006952,0.152716
2018-11-30,haiku,raw,pm_trade,-0.006973,0.145743
2018-12-31,haiku,raw,pm_trade,0.027857,0.1736
2019-01-31,haiku,raw,pm_trade,-0.026956,0.146644
2019-02-28,haiku,raw,pm_trade,0.027501,0.174146
2019-03-31,haiku,raw,pm_trade,0.007835,0.18198
2019-04-30,haiku,raw,pm_trade,0.022549,0.204529
2019-05-31,haiku,raw,pm_trade,-0.020445,0.184084
2019-06-30,haiku,raw,pm_trade,-0.029366,0.154719
2019-07-31,haiku,raw,pm_trade,-0.004982,0.149736
2019-08-31,haiku,raw,pm_trade,-0.016779,0.132957
2019-09-30,haiku,raw,pm_trade,-0.003285,0.129672
2019-10-31,haiku,raw,pm_trade,-0.003579,0.126093
2019-11-30,haiku,raw,pm_trade,0.023021,0.149114
2019-12-31,haiku,raw,pm_trade,0.019623,0.168737
2020-01-31,haiku,raw,pm_trade,-0.003089,0.165647
2020-02-29,haiku,raw,pm_trade,0.019114,0.184761
2020-03-31,haiku,raw,pm_trade,0.017947,0.202708
2020-04-30,haiku,raw,pm_trade,-0.021014,0.181695
2020-05-31,haiku,raw,pm_trade,-0.013501,0.168194
2020-06-30,haiku,raw,pm_trade,-0.005441,0.162753
2020-07-31,haiku,raw,pm_trade,-0.024662,0.138091
2020-08-31,haiku,raw,pm_trade,0.042307,0.180398
2020-09-30,haiku,raw,pm_trade,-0.027644,0.152754
2020-10-31,haiku,raw,pm_trade,0.000586,0.15334
2020-11-30,haiku,raw,pm_trade,-0.014703,0.138637
2020-12-31,haiku,raw,pm_trade,0.013698,0.152335
2021-01-31,haiku,raw,pm_trade,0.002189,0.154524
2021-02-28,haiku,raw,pm_trade,0.017099,0.171623
2021-03-31,haiku,raw,pm_trade,-0.007858,0.163765
2021-04-30,haiku,raw,pm_trade,0.027696,0.191461
2021-05-31,haiku,raw,pm_trade,0.003986,0.195447
2021-06-30,haiku,raw,pm_trade,0.008099,0.203546
2021-07-31,haiku,raw,pm_trade,0.014521,0.218068
2021-08-31,haiku,raw,pm_trade,-0.003491,0.214577
2021-09-30,haiku,raw,pm_trade,-0.005705,0.208872
2021-10-31,haiku,raw,pm_trade,-0.006201,0.202671
2021-11-30,haiku,raw,pm_trade,0.000209,0.202879
2021-12-31,haiku,raw,pm_trade,-0.014631,0.188248
2022-01-31,haiku,raw,pm_trade,0.005453,0.193701
2022-02-28,haiku,raw,pm_trade,0.001664,0.195365
2022-03-31,haiku,raw,pm_trade,-0.01041,0.184955
2022-04-30,haiku,raw,pm_trade,0.016024,0.200979
2022-05-31,haiku,raw,pm_trade,0.003271,0.20425
2022-06-30,haiku,raw,pm_trade,0.01048,0.214729
2022-07-31,haiku,raw,pm_trade,-0.010033,0.204696
2022-08-31,haiku,raw,pm_trade,0.002322,0.207018
2022-09-30,haiku,raw,pm_trade,-0.05505,0.151968
2022-10-31,haiku,raw,pm_trade,-0.024157,0.127812
2022-11-30,haiku,raw,pm_trade,0.000658,0.128469
2022-12-31,haiku,raw,pm_trade,-0.034646,0.093823
2023-01-31,haiku,raw,pm_trade,-0.004535,0.089288
2023-02-28,haiku,raw,pm_trade,-0.014028,0.07526
2023-03-31,haiku,raw,pm_trade,-0.004256,0.071004
2023-04-30,haiku,raw,pm_trade,-0.003248,0.067756
2023-05-31,haiku,raw,pm_trade,-0.001509,0.066247
2023-06-30,haiku,raw,pm_trade,-0.004359,0.061888
2023-07-31,haiku,raw,pm_trade,0.013669,0.075557
2023-08-31,haiku,raw,pm_trade,0.007452,0.083009
2023-09-30,haiku,raw,pm_trade,-0.009582,0.073427
2023-10-31,haiku,raw,pm_trade,0.012159,0.085585
2023-11-30,haiku,raw,pm_trade,-0.018665,0.06692
2023-12-31,haiku,raw,pm_trade,0.020392,0.087312
2024-01-31,haiku,raw,pm_trade,0.006915,0.094227
2024-02-29,haiku,raw,pm_trade,0.019425,0.113652
2024-03-31,haiku,raw,pm_trade,-0.003788,0.109864
2024-04-30,haiku,raw,pm_trade,-0.010691,0.099173
2024-05-31,haiku,raw,pm_trade,0.019812,0.118985
2024-06-30,haiku,raw,pm_trade,-0.005592,0.113393
2024-07-31,haiku,raw,pm_trade,-0.002322,0.111071
2024-08-31,haiku,raw,pm_trade,-0.00565,0.105421
2024-09-30,haiku,raw,pm_trade,0.005247,0.110667
2024-10-31,haiku,raw,pm_trade,-0.001147,0.10952
2024-11-30,haiku,raw,pm_trade,-0.002839,0.106682
2024-12-31,haiku,raw,pm_trade,0.002339,0.109021
2025-01-31,haiku,raw,pm_trade,-0.000701,0.108319
2025-02-28,haiku,raw,pm_trade,0.002981,0.1113
2025-03-31,haiku,raw,pm_trade,0.005131,0.116431
2025-04-30,haiku,raw,pm_trade,-0.005391,0.11104
2025-05-31,haiku,raw,pm_trade,-0.01212,0.09892
2025-06-30,haiku,raw,pm_trade,0.025948,0.124868
2025-07-31,haiku,raw,pm_trade,-0.002525,0.122343
2025-08-31,haiku,raw,pm_trade,0.007192,0.129534
2025-09-30,haiku,raw,pm_trade,-0.004603,0.124931
2025-10-31,haiku,raw,pm_trade,-0.002116,0.122815
2025-11-30,haiku,raw,pm_trade,0.000166,0.122982
2025-12-31,haiku,raw,pm_trade,-0.001691,0.121291
2026-01-31,haiku,raw,pm_trade,0.000129,0.12142
2026-02-28,haiku,raw,pm_trade,0.000841,0.122261
2026-03-31,haiku,raw,pm_trade,0.013616,0.135877
2026-04-30,haiku,raw,pm_trade,-0.034172,0.101705
2026-05-31,haiku,raw,pm_trade,0.023617,0.125322
2026-06-30,haiku,raw,pm_trade,0.002245,0.127567
2016-02-29,haiku,mech,mapped,0.000852,0.000852
2016-03-31,haiku,mech,mapped,0.009305,0.010157
2016-04-30,haiku,mech,mapped,0.003633,0.013789
2016-05-31,haiku,mech,mapped,0.011458,0.025247
2016-06-30,haiku,mech,mapped,0.008538,0.033786
2016-07-31,haiku,mech,mapped,-0.032114,0.001672
2016-08-31,haiku,mech,mapped,-5.8e-05,0.001614
2016-09-30,haiku,mech,mapped,-0.000411,0.001203
2016-10-31,haiku,mech,mapped,0.000593,0.001796
2016-11-30,haiku,mech,mapped,0.003874,0.00567
2016-12-31,haiku,mech,mapped,0.002236,0.007906
2017-01-31,haiku,mech,mapped,-0.001342,0.006564
2017-02-28,haiku,mech,mapped,0.016307,0.022871
2017-03-31,haiku,mech,mapped,-3.1e-05,0.02284
2017-04-30,haiku,mech,mapped,-0.001157,0.021682
2017-05-31,haiku,mech,mapped,-0.002343,0.01934
2017-06-30,haiku,mech,mapped,-0.000416,0.018924
2017-07-31,haiku,mech,mapped,0.012723,0.031648
2017-08-31,haiku,mech,mapped,-0.003518,0.02813
2017-09-30,haiku,mech,mapped,-0.002014,0.026115
2017-10-31,haiku,mech,mapped,0.006123,0.032238
2017-11-30,haiku,mech,mapped,0.001111,0.033349
2017-12-31,haiku,mech,mapped,0.001351,0.0347
2018-01-31,haiku,mech,mapped,8e-06,0.034708
2018-02-28,haiku,mech,mapped,-0.00592,0.028788
2018-03-31,haiku,mech,mapped,-0.003727,0.025061
2018-04-30,haiku,mech,mapped,-0.003352,0.021709
2018-05-31,haiku,mech,mapped,0.000102,0.02181
2018-06-30,haiku,mech,mapped,8.3e-05,0.021893
2018-07-31,haiku,mech,mapped,-0.002555,0.019338
2018-08-31,haiku,mech,mapped,0.008825,0.028163
2018-09-30,haiku,mech,mapped,0.000295,0.028458
2018-10-31,haiku,mech,mapped,-0.014385,0.014073
2018-11-30,haiku,mech,mapped,-0.022057,-0.007984
2018-12-31,haiku,mech,mapped,-0.037008,-0.044992
2019-01-31,haiku,mech,mapped,-0.035771,-0.080763
2019-02-28,haiku,mech,mapped,0.023347,-0.057415
2019-03-31,haiku,mech,mapped,-0.001802,-0.059217
2019-04-30,haiku,mech,mapped,0.004721,-0.054496
2019-05-31,haiku,mech,mapped,-0.028631,-0.083126
2019-06-30,haiku,mech,mapped,0.004118,-0.079008
2019-07-31,haiku,mech,mapped,0.010396,-0.068613
2019-08-31,haiku,mech,mapped,-0.008853,-0.077466
2019-09-30,haiku,mech,mapped,-0.00392,-0.081385
2019-10-31,haiku,mech,mapped,0.007867,-0.073518
2019-11-30,haiku,mech,mapped,0.022263,-0.051255
2019-12-31,haiku,mech,mapped,0.00924,-0.042015
2020-01-31,haiku,mech,mapped,3.2e-05,-0.041983
2020-02-29,haiku,mech,mapped,0.041592,-0.000392
2020-03-31,haiku,mech,mapped,0.01813,0.017738
2020-04-30,haiku,mech,mapped,0.01678,0.034518
2020-05-31,haiku,mech,mapped,0.028168,0.062686
2020-06-30,haiku,mech,mapped,-0.000392,0.062294
2020-07-31,haiku,mech,mapped,9e-06,0.062303
2020-08-31,haiku,mech,mapped,0.026477,0.08878
2020-09-30,haiku,mech,mapped,-0.011734,0.077046
2020-10-31,haiku,mech,mapped,-0.000858,0.076188
2020-11-30,haiku,mech,mapped,-0.041438,0.03475
2020-12-31,haiku,mech,mapped,0.010066,0.044816
2021-01-31,haiku,mech,mapped,0.002078,0.046894
2021-02-28,haiku,mech,mapped,-0.005569,0.041325
2021-03-31,haiku,mech,mapped,0.009025,0.05035
2021-04-30,haiku,mech,mapped,0.00213,0.05248
2021-05-31,haiku,mech,mapped,0.000698,0.053179
2021-06-30,haiku,mech,mapped,0.001059,0.054238
2021-07-31,haiku,mech,mapped,0.00418,0.058418
2021-08-31,haiku,mech,mapped,-0.010382,0.048036
2021-09-30,haiku,mech,mapped,-0.002654,0.045382
2021-10-31,haiku,mech,mapped,-0.001559,0.043823
2021-11-30,haiku,mech,mapped,6e-06,0.043829
2021-12-31,haiku,mech,mapped,-0.009658,0.034171
2022-01-31,haiku,mech,mapped,0.003983,0.038154
2022-02-28,haiku,mech,mapped,-0.001864,0.036289
2022-03-31,haiku,mech,mapped,0.001405,0.037695
2022-04-30,haiku,mech,mapped,-0.019525,0.01817
2022-05-31,haiku,mech,mapped,-0.002677,0.015493
2022-06-30,haiku,mech,mapped,-0.001473,0.014019
2022-07-31,haiku,mech,mapped,-0.015163,-0.001144
2022-08-31,haiku,mech,mapped,-0.006955,-0.008098
2022-09-30,haiku,mech,mapped,0.01692,0.008822
2022-10-31,haiku,mech,mapped,-0.040962,-0.032141
2022-11-30,haiku,mech,mapped,0.01075,-0.02139
2022-12-31,haiku,mech,mapped,-0.032782,-0.054173
2023-01-31,haiku,mech,mapped,0.01299,-0.041183
2023-02-28,haiku,mech,mapped,-0.010361,-0.051544
2023-03-31,haiku,mech,mapped,-0.014561,-0.066105
2023-04-30,haiku,mech,mapped,0.00347,-0.062636
2023-05-31,haiku,mech,mapped,0.0017,-0.060935
2023-06-30,haiku,mech,mapped,-0.008454,-0.069389
2023-07-31,haiku,mech,mapped,0.004525,-0.064864
2023-08-31,haiku,mech,mapped,0.000309,-0.064556
2023-09-30,haiku,mech,mapped,0.01371,-0.050846
2023-10-31,haiku,mech,mapped,-0.000332,-0.051177
2023-11-30,haiku,mech,mapped,-0.022721,-0.073899
2023-12-31,haiku,mech,mapped,0.025634,-0.048265
2024-01-31,haiku,mech,mapped,0.005757,-0.042507
2024-02-29,haiku,mech,mapped,-0.000555,-0.043062
2024-03-31,haiku,mech,mapped,-0.003752,-0.046815
2024-04-30,haiku,mech,mapped,0.000828,-0.045987
2024-05-31,haiku,mech,mapped,-0.009242,-0.055229
2024-06-30,haiku,mech,mapped,0.00517,-0.050059
2024-07-31,haiku,mech,mapped,3e-05,-0.050029
2024-08-31,haiku,mech,mapped,0.004274,-0.045755
2024-09-30,haiku,mech,mapped,-0.001399,-0.047154
2024-10-31,haiku,mech,mapped,0.004283,-0.042871
2024-11-30,haiku,mech,mapped,0.001087,-0.041784
2024-12-31,haiku,mech,mapped,-0.001835,-0.043618
2025-01-31,haiku,mech,mapped,2.3e-05,-0.043595
2025-02-28,haiku,mech,mapped,0.002919,-0.040676
2025-03-31,haiku,mech,mapped,-0.015023,-0.055699
2025-04-30,haiku,mech,mapped,-0.000481,-0.05618
2025-05-31,haiku,mech,mapped,-0.018316,-0.074497
2025-06-30,haiku,mech,mapped,0.02057,-0.053927
2025-07-31,haiku,mech,mapped,0.005225,-0.048702
2025-08-31,haiku,mech,mapped,1e-06,-0.048701
2025-09-30,haiku,mech,mapped,0.006125,-0.042576
2025-10-31,haiku,mech,mapped,0.004714,-0.037862
2025-11-30,haiku,mech,mapped,0.000112,-0.03775
2025-12-31,haiku,mech,mapped,-0.001206,-0.038956
2026-01-31,haiku,mech,mapped,-0.000479,-0.039435
2026-02-28,haiku,mech,mapped,0.004439,-0.034996
2026-03-31,haiku,mech,mapped,-8e-06,-0.035004
2026-04-30,haiku,mech,mapped,-0.0052,-0.040204
2026-05-31,haiku,mech,mapped,0.015978,-0.024226
2026-06-30,haiku,mech,mapped,0.002854,-0.021372
2016-02-29,haiku,mech,pm_trade,-0.004012,-0.004012
2016-03-31,haiku,mech,pm_trade,0.064519,0.060508
2016-04-30,haiku,mech,pm_trade,0.021905,0.082413
2016-05-31,haiku,mech,pm_trade,0.026059,0.108472
2016-06-30,haiku,mech,pm_trade,0.017292,0.125764
2016-07-31,haiku,mech,pm_trade,-0.041856,0.083908
2016-08-31,haiku,mech,pm_trade,-0.000163,0.083745
2016-09-30,haiku,mech,pm_trade,-0.000818,0.082927
2016-10-31,haiku,mech,pm_trade,0.011204,0.094131
2016-11-30,haiku,mech,pm_trade,-0.026334,0.067796
2016-12-31,haiku,mech,pm_trade,0.018508,0.086305
2017-01-31,haiku,mech,pm_trade,-0.015691,0.070614
2017-02-28,haiku,mech,pm_trade,0.046643,0.117257
2017-03-31,haiku,mech,pm_trade,0.000344,0.117601
2017-04-30,haiku,mech,pm_trade,-0.005912,0.111689
2017-05-31,haiku,mech,pm_trade,-0.009115,0.102574
2017-06-30,haiku,mech,pm_trade,-0.002548,0.100026
2017-07-31,haiku,mech,pm_trade,0.028585,0.128611
2017-08-31,haiku,mech,pm_trade,-0.014675,0.113936
2017-09-30,haiku,mech,pm_trade,-0.019773,0.094163
2017-10-31,haiku,mech,pm_trade,0.034312,0.128475
2017-11-30,haiku,mech,pm_trade,-0.005785,0.122691
2017-12-31,haiku,mech,pm_trade,-0.017381,0.10531
2018-01-31,haiku,mech,pm_trade,-0.045558,0.059752
2018-02-28,haiku,mech,pm_trade,0.02635,0.086102
2018-03-31,haiku,mech,pm_trade,0.023383,0.109485
2018-04-30,haiku,mech,pm_trade,-0.006572,0.102913
2018-05-31,haiku,mech,pm_trade,-0.01221,0.090703
2018-06-30,haiku,mech,pm_trade,0.000495,0.091199
2018-07-31,haiku,mech,pm_trade,-0.022387,0.068812
2018-08-31,haiku,mech,pm_trade,0.041847,0.110659
2018-09-30,haiku,mech,pm_trade,-0.002491,0.108168
2018-10-31,haiku,mech,pm_trade,-0.122752,-0.014584
2018-11-30,haiku,mech,pm_trade,-0.023913,-0.038497
2018-12-31,haiku,mech,pm_trade,-0.138746,-0.177243
2019-01-31,haiku,mech,pm_trade,-0.043607,-0.22085
2019-02-28,haiku,mech,pm_trade,0.066781,-0.154068
2019-03-31,haiku,mech,pm_trade,-0.009203,-0.163271
2019-04-30,haiku,mech,pm_trade,-0.022223,-0.185494
2019-05-31,haiku,mech,pm_trade,-0.08826,-0.273755
2019-06-30,haiku,mech,pm_trade,-0.041963,-0.315718
2019-07-31,haiku,mech,pm_trade,0.038712,-0.277006
2019-08-31,haiku,mech,pm_trade,-0.044652,-0.321658
2019-09-30,haiku,mech,pm_trade,-0.007222,-0.32888
2019-10-31,haiku,mech,pm_trade,0.027805,-0.301075
2019-11-30,haiku,mech,pm_trade,0.055901,-0.245174
2019-12-31,haiku,mech,pm_trade,0.043816,-0.201358
2020-01-31,haiku,mech,pm_trade,0.002623,-0.198735
2020-02-29,haiku,mech,pm_trade,0.051212,-0.147523
2020-03-31,haiku,mech,pm_trade,0.08548,-0.062044
2020-04-30,haiku,mech,pm_trade,-0.072064,-0.134108
2020-05-31,haiku,mech,pm_trade,0.104896,-0.029212
2020-06-30,haiku,mech,pm_trade,0.00639,-0.022821
2020-07-31,haiku,mech,pm_trade,-0.054218,-0.077039
2020-08-31,haiku,mech,pm_trade,0.102734,0.025695
2020-09-30,haiku,mech,pm_trade,-0.081366,-0.055672
2020-10-31,haiku,mech,pm_trade,0.004565,-0.051107
2020-11-30,haiku,mech,pm_trade,-0.07003,-0.121137
2020-12-31,haiku,mech,pm_trade,0.026347,-0.094789
2021-01-31,haiku,mech,pm_trade,0.005825,-0.088965
2021-02-28,haiku,mech,pm_trade,-0.016852,-0.105817
2021-03-31,haiku,mech,pm_trade,0.061056,-0.044761
2021-04-30,haiku,mech,pm_trade,-0.032532,-0.077292
2021-05-31,haiku,mech,pm_trade,-0.004272,-0.081565
2021-06-30,haiku,mech,pm_trade,-0.01177,-0.093335
2021-07-31,haiku,mech,pm_trade,-0.017056,-0.110391
2021-08-31,haiku,mech,pm_trade,-0.016627,-0.127018
2021-09-30,haiku,mech,pm_trade,-0.015181,-0.142199
2021-10-31,haiku,mech,pm_trade,-0.021267,-0.163466
2021-11-30,haiku,mech,pm_trade,0.000716,-0.16275
2021-12-31,haiku,mech,pm_trade,-0.023669,-0.186419
2022-01-31,haiku,mech,pm_trade,0.042498,-0.143922
2022-02-28,haiku,mech,pm_trade,-0.012928,-0.156849
2022-03-31,haiku,mech,pm_trade,-0.022886,-0.179735
2022-04-30,haiku,mech,pm_trade,-0.124501,-0.304236
2022-05-31,haiku,mech,pm_trade,-0.004754,-0.30899
2022-06-30,haiku,mech,pm_trade,0.035938,-0.273051
2022-07-31,haiku,mech,pm_trade,-0.034408,-0.307459
2022-08-31,haiku,mech,pm_trade,-0.025058,-0.332518
2022-09-30,haiku,mech,pm_trade,0.071518,-0.260999
2022-10-31,haiku,mech,pm_trade,-0.053106,-0.314105
2022-11-30,haiku,mech,pm_trade,0.042606,-0.271499
2022-12-31,haiku,mech,pm_trade,-0.066638,-0.338137
2023-01-31,haiku,mech,pm_trade,0.080069,-0.258069
2023-02-28,haiku,mech,pm_trade,-0.037331,-0.295399
2023-03-31,haiku,mech,pm_trade,-0.020273,-0.315672
2023-04-30,haiku,mech,pm_trade,0.016177,-0.299495
2023-05-31,haiku,mech,pm_trade,0.009158,-0.290338
2023-06-30,haiku,mech,pm_trade,-0.033973,-0.324311
2023-07-31,haiku,mech,pm_trade,0.036375,-0.287937
2023-08-31,haiku,mech,pm_trade,0.025557,-0.26238
2023-09-30,haiku,mech,pm_trade,0.018258,-0.244122
2023-10-31,haiku,mech,pm_trade,0.026729,-0.217393
2023-11-30,haiku,mech,pm_trade,-0.06401,-0.281403
2023-12-31,haiku,mech,pm_trade,0.060021,-0.221383
2024-01-31,haiku,mech,pm_trade,0.029853,-0.19153
2024-02-29,haiku,mech,pm_trade,-0.022816,-0.214346
2024-03-31,haiku,mech,pm_trade,-0.01804,-0.232386
2024-04-30,haiku,mech,pm_trade,0.020372,-0.212014
2024-05-31,haiku,mech,pm_trade,-0.019526,-0.23154
2024-06-30,haiku,mech,pm_trade,0.043452,-0.188088
2024-07-31,haiku,mech,pm_trade,0.002489,-0.185599
2024-08-31,haiku,mech,pm_trade,-0.019376,-0.204975
2024-09-30,haiku,mech,pm_trade,-0.007625,-0.2126
2024-10-31,haiku,mech,pm_trade,0.012378,-0.200222
2024-11-30,haiku,mech,pm_trade,-0.022121,-0.222343
2024-12-31,haiku,mech,pm_trade,0.00802,-0.214323
2025-01-31,haiku,mech,pm_trade,-0.005464,-0.219788
2025-02-28,haiku,mech,pm_trade,0.010222,-0.209566
2025-03-31,haiku,mech,pm_trade,-0.090592,-0.300158
2025-04-30,haiku,mech,pm_trade,0.007835,-0.292323
2025-05-31,haiku,mech,pm_trade,-0.041563,-0.333887
2025-06-30,haiku,mech,pm_trade,0.05794,-0.275947
2025-07-31,haiku,mech,pm_trade,0.044591,-0.231356
2025-08-31,haiku,mech,pm_trade,-0.005362,-0.236718
2025-09-30,haiku,mech,pm_trade,0.035768,-0.200951
2025-10-31,haiku,mech,pm_trade,0.037353,-0.163598
2025-11-30,haiku,mech,pm_trade,0.000571,-0.163027
2025-12-31,haiku,mech,pm_trade,-0.005798,-0.168825
2026-01-31,haiku,mech,pm_trade,-0.001202,-0.170026
2026-02-28,haiku,mech,pm_trade,0.006553,-0.163473
2026-03-31,haiku,mech,pm_trade,0.046694,-0.116779
2026-04-30,haiku,mech,pm_trade,-0.075123,-0.191902
2026-05-31,haiku,mech,pm_trade,0.07776,-0.114142
2026-06-30,haiku,mech,pm_trade,0.017499,-0.096643
2016-02-29,haiku,board_mean,mapped,0.000852,0.000852
2016-03-31,haiku,board_mean,mapped,0.009305,0.010157
2016-04-30,haiku,board_mean,mapped,0.003633,0.013789
2016-05-31,haiku,board_mean,mapped,0.011458,0.025247
2016-06-30,haiku,board_mean,mapped,0.008538,0.033786
2016-07-31,haiku,board_mean,mapped,-0.032114,0.001672
2016-08-31,haiku,board_mean,mapped,-5.8e-05,0.001614
2016-09-30,haiku,board_mean,mapped,-0.000411,0.001203
2016-10-31,haiku,board_mean,mapped,0.000593,0.001796
2016-11-30,haiku,board_mean,mapped,0.003874,0.00567
2016-12-31,haiku,board_mean,mapped,0.002236,0.007906
2017-01-31,haiku,board_mean,mapped,-0.001342,0.006564
2017-02-28,haiku,board_mean,mapped,0.016307,0.022871
2017-03-31,haiku,board_mean,mapped,-3.1e-05,0.02284
2017-04-30,haiku,board_mean,mapped,-0.001157,0.021682
2017-05-31,haiku,board_mean,mapped,-0.002343,0.01934
2017-06-30,haiku,board_mean,mapped,-0.000416,0.018924
2017-07-31,haiku,board_mean,mapped,0.012723,0.031648
2017-08-31,haiku,board_mean,mapped,-0.003518,0.02813
2017-09-30,haiku,board_mean,mapped,-0.002014,0.026115
2017-10-31,haiku,board_mean,mapped,0.006123,0.032238
2017-11-30,haiku,board_mean,mapped,0.001111,0.033349
2017-12-31,haiku,board_mean,mapped,0.001351,0.0347
2018-01-31,haiku,board_mean,mapped,8e-06,0.034708
2018-02-28,haiku,board_mean,mapped,-0.00592,0.028788
2018-03-31,haiku,board_mean,mapped,-0.003727,0.025061
2018-04-30,haiku,board_mean,mapped,-0.003352,0.021709
2018-05-31,haiku,board_mean,mapped,0.000102,0.02181
2018-06-30,haiku,board_mean,mapped,8.3e-05,0.021893
2018-07-31,haiku,board_mean,mapped,-0.002555,0.019338
2018-08-31,haiku,board_mean,mapped,0.008825,0.028163
2018-09-30,haiku,board_mean,mapped,0.000295,0.028458
2018-10-31,haiku,board_mean,mapped,-0.014385,0.014073
2018-11-30,haiku,board_mean,mapped,-0.022057,-0.007984
2018-12-31,haiku,board_mean,mapped,-0.037008,-0.044992
2019-01-31,haiku,board_mean,mapped,-0.035771,-0.080763
2019-02-28,haiku,board_mean,mapped,0.023347,-0.057415
2019-03-31,haiku,board_mean,mapped,-0.001802,-0.059217
2019-04-30,haiku,board_mean,mapped,0.004721,-0.054496
2019-05-31,haiku,board_mean,mapped,-0.028631,-0.083126
2019-06-30,haiku,board_mean,mapped,0.004118,-0.079008
2019-07-31,haiku,board_mean,mapped,0.010396,-0.068613
2019-08-31,haiku,board_mean,mapped,-0.008853,-0.077466
2019-09-30,haiku,board_mean,mapped,-0.00392,-0.081385
2019-10-31,haiku,board_mean,mapped,0.007867,-0.073518
2019-11-30,haiku,board_mean,mapped,0.022263,-0.051255
2019-12-31,haiku,board_mean,mapped,0.00924,-0.042015
2020-01-31,haiku,board_mean,mapped,3.2e-05,-0.041983
2020-02-29,haiku,board_mean,mapped,0.041592,-0.000392
2020-03-31,haiku,board_mean,mapped,0.01813,0.017738
2020-04-30,haiku,board_mean,mapped,0.01678,0.034518
2020-05-31,haiku,board_mean,mapped,0.028168,0.062686
2020-06-30,haiku,board_mean,mapped,-0.000392,0.062294
2020-07-31,haiku,board_mean,mapped,9e-06,0.062303
2020-08-31,haiku,board_mean,mapped,0.026477,0.08878
2020-09-30,haiku,board_mean,mapped,-0.011734,0.077046
2020-10-31,haiku,board_mean,mapped,-0.000858,0.076188
2020-11-30,haiku,board_mean,mapped,-0.041438,0.03475
2020-12-31,haiku,board_mean,mapped,0.010066,0.044816
2021-01-31,haiku,board_mean,mapped,0.002078,0.046894
2021-02-28,haiku,board_mean,mapped,-0.005569,0.041325
2021-03-31,haiku,board_mean,mapped,0.009025,0.05035
2021-04-30,haiku,board_mean,mapped,0.00213,0.05248
2021-05-31,haiku,board_mean,mapped,0.000698,0.053179
2021-06-30,haiku,board_mean,mapped,0.001059,0.054238
2021-07-31,haiku,board_mean,mapped,0.00418,0.058418
2021-08-31,haiku,board_mean,mapped,-0.010382,0.048036
2021-09-30,haiku,board_mean,mapped,-0.002654,0.045382
2021-10-31,haiku,board_mean,mapped,-0.001559,0.043823
2021-11-30,haiku,board_mean,mapped,6e-06,0.043829
2021-12-31,haiku,board_mean,mapped,-0.009658,0.034171
2022-01-31,haiku,board_mean,mapped,0.003983,0.038154
2022-02-28,haiku,board_mean,mapped,-0.001864,0.036289
2022-03-31,haiku,board_mean,mapped,0.001405,0.037695
2022-04-30,haiku,board_mean,mapped,-0.019525,0.01817
2022-05-31,haiku,board_mean,mapped,-0.002677,0.015493
2022-06-30,haiku,board_mean,mapped,-0.001473,0.014019
2022-07-31,haiku,board_mean,mapped,-0.015163,-0.001144
2022-08-31,haiku,board_mean,mapped,-0.006955,-0.008098
2022-09-30,haiku,board_mean,mapped,0.01692,0.008822
2022-10-31,haiku,board_mean,mapped,-0.040962,-0.032141
2022-11-30,haiku,board_mean,mapped,0.01075,-0.02139
2022-12-31,haiku,board_mean,mapped,-0.032782,-0.054173
2023-01-31,haiku,board_mean,mapped,0.01299,-0.041183
2023-02-28,haiku,board_mean,mapped,-0.010361,-0.051544
2023-03-31,haiku,board_mean,mapped,-0.014561,-0.066105
2023-04-30,haiku,board_mean,mapped,0.00347,-0.062636
2023-05-31,haiku,board_mean,mapped,0.0017,-0.060935
2023-06-30,haiku,board_mean,mapped,-0.008454,-0.069389
2023-07-31,haiku,board_mean,mapped,0.004525,-0.064864
2023-08-31,haiku,board_mean,mapped,0.000309,-0.064556
2023-09-30,haiku,board_mean,mapped,0.01371,-0.050846
2023-10-31,haiku,board_mean,mapped,-0.000332,-0.051177
2023-11-30,haiku,board_mean,mapped,-0.022721,-0.073899
2023-12-31,haiku,board_mean,mapped,0.025634,-0.048265
2024-01-31,haiku,board_mean,mapped,0.005757,-0.042507
2024-02-29,haiku,board_mean,mapped,-0.000555,-0.043062
2024-03-31,haiku,board_mean,mapped,-0.003752,-0.046815
2024-04-30,haiku,board_mean,mapped,0.000828,-0.045987
2024-05-31,haiku,board_mean,mapped,-0.009242,-0.055229
2024-06-30,haiku,board_mean,mapped,0.00517,-0.050059
2024-07-31,haiku,board_mean,mapped,3e-05,-0.050029
2024-08-31,haiku,board_mean,mapped,0.004274,-0.045755
2024-09-30,haiku,board_mean,mapped,-0.001399,-0.047154
2024-10-31,haiku,board_mean,mapped,0.004283,-0.042871
2024-11-30,haiku,board_mean,mapped,0.001087,-0.041784
2024-12-31,haiku,board_mean,mapped,-0.001835,-0.043618
2025-01-31,haiku,board_mean,mapped,2.3e-05,-0.043595
2025-02-28,haiku,board_mean,mapped,0.002919,-0.040676
2025-03-31,haiku,board_mean,mapped,-0.015023,-0.055699
2025-04-30,haiku,board_mean,mapped,-0.000481,-0.05618
2025-05-31,haiku,board_mean,mapped,-0.018316,-0.074497
2025-06-30,haiku,board_mean,mapped,0.02057,-0.053927
2025-07-31,haiku,board_mean,mapped,0.005225,-0.048702
2025-08-31,haiku,board_mean,mapped,1e-06,-0.048701
2025-09-30,haiku,board_mean,mapped,0.006125,-0.042576
2025-10-31,haiku,board_mean,mapped,0.004714,-0.037862
2025-11-30,haiku,board_mean,mapped,0.000112,-0.03775
2025-12-31,haiku,board_mean,mapped,-0.001206,-0.038956
2026-01-31,haiku,board_mean,mapped,-0.000479,-0.039435
2026-02-28,haiku,board_mean,mapped,0.004439,-0.034996
2026-03-31,haiku,board_mean,mapped,-8e-06,-0.035004
2026-04-30,haiku,board_mean,mapped,-0.0052,-0.040204
2026-05-31,haiku,board_mean,mapped,0.015978,-0.024226
2026-06-30,haiku,board_mean,mapped,0.002854,-0.021372
2019-02-28,haiku,ridge,mapped,-0.047445,-0.047445
2019-03-31,haiku,ridge,mapped,0.001356,-0.046089
2019-04-30,haiku,ridge,mapped,-0.006547,-0.052636
2019-05-31,haiku,ridge,mapped,-0.006866,-0.059502
2019-06-30,haiku,ridge,mapped,0.024916,-0.034586
2019-07-31,haiku,ridge,mapped,-0.001295,-0.035881
2019-08-31,haiku,ridge,mapped,0.013654,-0.022227
2019-09-30,haiku,ridge,mapped,0.001972,-0.020255
2019-10-31,haiku,ridge,mapped,-0.008476,-0.028731
2019-11-30,haiku,ridge,mapped,-0.014932,-0.043663
2019-12-31,haiku,ridge,mapped,-0.000964,-0.044627
2020-01-31,haiku,ridge,mapped,-0.000997,-0.045624
2020-02-29,haiku,ridge,mapped,-0.054561,-0.100185
2020-03-31,haiku,ridge,mapped,0.047058,-0.053128
2020-04-30,haiku,ridge,mapped,0.015268,-0.03786
2020-05-31,haiku,ridge,mapped,-0.04059,-0.07845
2020-06-30,haiku,ridge,mapped,0.003348,-0.075102
2020-07-31,haiku,ridge,mapped,0.048694,-0.026408
2020-08-31,haiku,ridge,mapped,-0.039259,-0.065667
2020-09-30,haiku,ridge,mapped,-0.015798,-0.081465
2020-10-31,haiku,ridge,mapped,-0.000475,-0.08194
2020-11-30,haiku,ridge,mapped,0.008236,-0.073704
2020-12-31,haiku,ridge,mapped,0.005676,-0.068028
2021-01-31,haiku,ridge,mapped,3.6e-05,-0.067991
2021-02-28,haiku,ridge,mapped,0.013747,-0.054244
2021-03-31,haiku,ridge,mapped,-0.019315,-0.073559
2021-04-30,haiku,ridge,mapped,-0.001198,-0.074757
2021-05-31,haiku,ridge,mapped,-4.7e-05,-0.074803
2021-06-30,haiku,ridge,mapped,-0.002551,-0.077355
2021-07-31,haiku,ridge,mapped,0.001049,-0.076306
2021-08-31,haiku,ridge,mapped,-0.005074,-0.08138
2021-09-30,haiku,ridge,mapped,-0.00112,-0.0825
2021-10-31,haiku,ridge,mapped,-0.005784,-0.088284
2021-11-30,haiku,ridge,mapped,0.000484,-0.087801
2021-12-31,haiku,ridge,mapped,0.016151,-0.07165
2022-01-31,haiku,ridge,mapped,0.009392,-0.062257
2022-02-28,haiku,ridge,mapped,-0.005588,-0.067845
2022-03-31,haiku,ridge,mapped,-0.01838,-0.086225
2022-04-30,haiku,ridge,mapped,-0.01141,-0.097635
2022-05-31,haiku,ridge,mapped,0.001733,-0.095902
2022-06-30,haiku,ridge,mapped,0.011463,-0.084439
2022-07-31,haiku,ridge,mapped,0.014275,-0.070164
2022-08-31,haiku,ridge,mapped,0.008076,-0.062088
2022-09-30,haiku,ridge,mapped,-0.037987,-0.100075
2022-10-31,haiku,ridge,mapped,0.006774,-0.093301
2022-11-30,haiku,ridge,mapped,-0.00831,-0.101611
2022-12-31,haiku,ridge,mapped,0.009995,-0.091617
2023-01-31,haiku,ridge,mapped,-0.010204,-0.101821
2023-02-28,haiku,ridge,mapped,0.005799,-0.096022
2023-03-31,haiku,ridge,mapped,0.003765,-0.092257
2023-04-30,haiku,ridge,mapped,-0.005314,-0.097571
2023-05-31,haiku,ridge,mapped,-0.001693,-0.099264
2023-06-30,haiku,ridge,mapped,0.000467,-0.098797
2023-07-31,haiku,ridge,mapped,-0.014015,-0.112812
2023-08-31,haiku,ridge,mapped,0.003951,-0.108861
2023-09-30,haiku,ridge,mapped,-0.004611,-0.113471
2023-10-31,haiku,ridge,mapped,-0.008826,-0.122297
2023-11-30,haiku,ridge,mapped,-0.017101,-0.139398
2023-12-31,haiku,ridge,mapped,-0.014845,-0.154243
2024-01-31,haiku,ridge,mapped,0.001803,-0.15244
2024-02-29,haiku,ridge,mapped,0.002423,-0.150017
2024-03-31,haiku,ridge,mapped,-0.000764,-0.150781
2024-04-30,haiku,ridge,mapped,0.004064,-0.146717
2024-05-31,haiku,ridge,mapped,-0.001869,-0.148586
2024-06-30,haiku,ridge,mapped,0.002188,-0.146398
2024-07-31,haiku,ridge,mapped,0.00093,-0.145468
2024-08-31,haiku,ridge,mapped,0.001058,-0.14441
2024-09-30,haiku,ridge,mapped,-0.001353,-0.145762
2024-10-31,haiku,ridge,mapped,7.7e-05,-0.145686
2024-11-30,haiku,ridge,mapped,0.000632,-0.145053
2024-12-31,haiku,ridge,mapped,0.001493,-0.14356
2025-01-31,haiku,ridge,mapped,0.001643,-0.141917
2025-02-28,haiku,ridge,mapped,-0.000748,-0.142665
2025-03-31,haiku,ridge,mapped,-0.0024,-0.145065
2025-04-30,haiku,ridge,mapped,-0.000341,-0.145406
2025-05-31,haiku,ridge,mapped,-0.000562,-0.145968
2025-06-30,haiku,ridge,mapped,-0.014491,-0.160459
2025-07-31,haiku,ridge,mapped,-0.001658,-0.162116
2025-08-31,haiku,ridge,mapped,-0.000147,-0.162263
2025-09-30,haiku,ridge,mapped,-0.006983,-0.169246
2025-10-31,haiku,ridge,mapped,-0.000258,-0.169504
2025-11-30,haiku,ridge,mapped,4.6e-05,-0.169458
2025-12-31,haiku,ridge,mapped,0.001331,-0.168127
2026-01-31,haiku,ridge,mapped,0.000122,-0.168005
2026-02-28,haiku,ridge,mapped,-0.001285,-0.16929
2026-03-31,haiku,ridge,mapped,-0.002144,-0.171434
2026-04-30,haiku,ridge,mapped,-0.004512,-0.175946
2026-05-31,haiku,ridge,mapped,-0.000236,-0.176181
2026-06-30,haiku,ridge,mapped,0.002785,-0.173396
2016-02-29,haiku,buy_hold,mapped,0.0,0.0
2016-03-31,haiku,buy_hold,mapped,0.0,0.0
2016-04-30,haiku,buy_hold,mapped,0.0,0.0
2016-05-31,haiku,buy_hold,mapped,0.0,0.0
2016-06-30,haiku,buy_hold,mapped,0.0,0.0
2016-07-31,haiku,buy_hold,mapped,0.0,0.0
2016-08-31,haiku,buy_hold,mapped,0.0,0.0
2016-09-30,haiku,buy_hold,mapped,0.0,0.0
2016-10-31,haiku,buy_hold,mapped,0.0,0.0
2016-11-30,haiku,buy_hold,mapped,0.0,0.0
2016-12-31,haiku,buy_hold,mapped,0.0,0.0
2017-01-31,haiku,buy_hold,mapped,0.0,0.0
2017-02-28,haiku,buy_hold,mapped,0.0,0.0
2017-03-31,haiku,buy_hold,mapped,0.0,0.0
2017-04-30,haiku,buy_hold,mapped,0.0,0.0
2017-05-31,haiku,buy_hold,mapped,0.0,0.0
2017-06-30,haiku,buy_hold,mapped,0.0,0.0
2017-07-31,haiku,buy_hold,mapped,0.0,0.0
2017-08-31,haiku,buy_hold,mapped,0.0,0.0
2017-09-30,haiku,buy_hold,mapped,0.0,0.0
2017-10-31,haiku,buy_hold,mapped,0.0,0.0
2017-11-30,haiku,buy_hold,mapped,0.0,0.0
2017-12-31,haiku,buy_hold,mapped,0.0,0.0
2018-01-31,haiku,buy_hold,mapped,0.0,0.0
2018-02-28,haiku,buy_hold,mapped,0.0,0.0
2018-03-31,haiku,buy_hold,mapped,0.0,0.0
2018-04-30,haiku,buy_hold,mapped,0.0,0.0
2018-05-31,haiku,buy_hold,mapped,0.0,0.0
2018-06-30,haiku,buy_hold,mapped,0.0,0.0
2018-07-31,haiku,buy_hold,mapped,0.0,0.0
2018-08-31,haiku,buy_hold,mapped,0.0,0.0
2018-09-30,haiku,buy_hold,mapped,0.0,0.0
2018-10-31,haiku,buy_hold,mapped,0.0,0.0
2018-11-30,haiku,buy_hold,mapped,0.0,0.0
2018-12-31,haiku,buy_hold,mapped,0.0,0.0
2019-01-31,haiku,buy_hold,mapped,0.0,0.0
2019-02-28,haiku,buy_hold,mapped,0.0,0.0
2019-03-31,haiku,buy_hold,mapped,0.0,0.0
2019-04-30,haiku,buy_hold,mapped,0.0,0.0
2019-05-31,haiku,buy_hold,mapped,0.0,0.0
2019-06-30,haiku,buy_hold,mapped,0.0,0.0
2019-07-31,haiku,buy_hold,mapped,0.0,0.0
2019-08-31,haiku,buy_hold,mapped,0.0,0.0
2019-09-30,haiku,buy_hold,mapped,0.0,0.0
2019-10-31,haiku,buy_hold,mapped,0.0,0.0
2019-11-30,haiku,buy_hold,mapped,0.0,0.0
2019-12-31,haiku,buy_hold,mapped,0.0,0.0
2020-01-31,haiku,buy_hold,mapped,0.0,0.0
2020-02-29,haiku,buy_hold,mapped,0.0,0.0
2020-03-31,haiku,buy_hold,mapped,0.0,0.0
2020-04-30,haiku,buy_hold,mapped,0.0,0.0
2020-05-31,haiku,buy_hold,mapped,0.0,0.0
2020-06-30,haiku,buy_hold,mapped,0.0,0.0
2020-07-31,haiku,buy_hold,mapped,0.0,0.0
2020-08-31,haiku,buy_hold,mapped,0.0,0.0
2020-09-30,haiku,buy_hold,mapped,0.0,0.0
2020-10-31,haiku,buy_hold,mapped,0.0,0.0
2020-11-30,haiku,buy_hold,mapped,0.0,0.0
2020-12-31,haiku,buy_hold,mapped,0.0,0.0
2021-01-31,haiku,buy_hold,mapped,0.0,0.0
2021-02-28,haiku,buy_hold,mapped,0.0,0.0
2021-03-31,haiku,buy_hold,mapped,0.0,0.0
2021-04-30,haiku,buy_hold,mapped,0.0,0.0
2021-05-31,haiku,buy_hold,mapped,0.0,0.0
2021-06-30,haiku,buy_hold,mapped,0.0,0.0
2021-07-31,haiku,buy_hold,mapped,0.0,0.0
2021-08-31,haiku,buy_hold,mapped,0.0,0.0
2021-09-30,haiku,buy_hold,mapped,0.0,0.0
2021-10-31,haiku,buy_hold,mapped,0.0,0.0
2021-11-30,haiku,buy_hold,mapped,0.0,0.0
2021-12-31,haiku,buy_hold,mapped,0.0,0.0
2022-01-31,haiku,buy_hold,mapped,0.0,0.0
2022-02-28,haiku,buy_hold,mapped,0.0,0.0
2022-03-31,haiku,buy_hold,mapped,0.0,0.0
2022-04-30,haiku,buy_hold,mapped,0.0,0.0
2022-05-31,haiku,buy_hold,mapped,0.0,0.0
2022-06-30,haiku,buy_hold,mapped,0.0,0.0
2022-07-31,haiku,buy_hold,mapped,0.0,0.0
2022-08-31,haiku,buy_hold,mapped,0.0,0.0
2022-09-30,haiku,buy_hold,mapped,0.0,0.0
2022-10-31,haiku,buy_hold,mapped,0.0,0.0
2022-11-30,haiku,buy_hold,mapped,0.0,0.0
2022-12-31,haiku,buy_hold,mapped,0.0,0.0
2023-01-31,haiku,buy_hold,mapped,0.0,0.0
2023-02-28,haiku,buy_hold,mapped,0.0,0.0
2023-03-31,haiku,buy_hold,mapped,0.0,0.0
2023-04-30,haiku,buy_hold,mapped,0.0,0.0
2023-05-31,haiku,buy_hold,mapped,0.0,0.0
2023-06-30,haiku,buy_hold,mapped,0.0,0.0
2023-07-31,haiku,buy_hold,mapped,0.0,0.0
2023-08-31,haiku,buy_hold,mapped,0.0,0.0
2023-09-30,haiku,buy_hold,mapped,0.0,0.0
2023-10-31,haiku,buy_hold,mapped,0.0,0.0
2023-11-30,haiku,buy_hold,mapped,0.0,0.0
2023-12-31,haiku,buy_hold,mapped,0.0,0.0
2024-01-31,haiku,buy_hold,mapped,0.0,0.0
2024-02-29,haiku,buy_hold,mapped,0.0,0.0
2024-03-31,haiku,buy_hold,mapped,0.0,0.0
2024-04-30,haiku,buy_hold,mapped,0.0,0.0
2024-05-31,haiku,buy_hold,mapped,0.0,0.0
2024-06-30,haiku,buy_hold,mapped,0.0,0.0
2024-07-31,haiku,buy_hold,mapped,0.0,0.0
2024-08-31,haiku,buy_hold,mapped,0.0,0.0
2024-09-30,haiku,buy_hold,mapped,0.0,0.0
2024-10-31,haiku,buy_hold,mapped,0.0,0.0
2024-11-30,haiku,buy_hold,mapped,0.0,0.0
2024-12-31,haiku,buy_hold,mapped,0.0,0.0
2025-01-31,haiku,buy_hold,mapped,0.0,0.0
2025-02-28,haiku,buy_hold,mapped,0.0,0.0
2025-03-31,haiku,buy_hold,mapped,0.0,0.0
2025-04-30,haiku,buy_hold,mapped,0.0,0.0
2025-05-31,haiku,buy_hold,mapped,0.0,0.0
2025-06-30,haiku,buy_hold,mapped,0.0,0.0
2025-07-31,haiku,buy_hold,mapped,0.0,0.0
2025-08-31,haiku,buy_hold,mapped,0.0,0.0
2025-09-30,haiku,buy_hold,mapped,0.0,0.0
2025-10-31,haiku,buy_hold,mapped,0.0,0.0
2025-11-30,haiku,buy_hold,mapped,0.0,0.0
2025-12-31,haiku,buy_hold,mapped,0.0,0.0
2026-01-31,haiku,buy_hold,mapped,0.0,0.0
2026-02-28,haiku,buy_hold,mapped,0.0,0.0
2026-03-31,haiku,buy_hold,mapped,0.0,0.0
2026-04-30,haiku,buy_hold,mapped,0.0,0.0
2026-05-31,haiku,buy_hold,mapped,0.0,0.0
2026-06-30,haiku,buy_hold,mapped,0.0,0.0
2021-08-31,sonnet,full,mapped,-0.009727,-0.009727
2021-09-30,sonnet,full,mapped,-0.002918,-0.012645
2021-10-31,sonnet,full,mapped,-0.002024,-0.01467
2021-11-30,sonnet,full,mapped,-5.2e-05,-0.014721
2021-12-31,sonnet,full,mapped,-0.009693,-0.024414
2022-01-31,sonnet,full,mapped,-0.003414,-0.027828
2022-02-28,sonnet,full,mapped,-0.001856,-0.029684
2022-03-31,sonnet,full,mapped,-0.004234,-0.033918
2022-04-30,sonnet,full,mapped,-0.022809,-0.056727
2022-05-31,sonnet,full,mapped,-0.002393,-0.05912
2022-06-30,sonnet,full,mapped,-0.005381,-0.064501
2022-07-31,sonnet,full,mapped,-0.015494,-0.079996
2022-08-31,sonnet,full,mapped,-0.0073,-0.087295
2022-09-30,sonnet,full,mapped,0.019945,-0.067351
2022-10-31,sonnet,full,mapped,-0.037789,-0.105139
2022-11-30,sonnet,full,mapped,0.012411,-0.092728
2022-12-31,sonnet,full,mapped,-0.03406,-0.126788
2023-01-31,sonnet,full,mapped,0.006735,-0.120053
2023-02-28,sonnet,full,mapped,-0.011346,-0.131399
2023-03-31,sonnet,full,mapped,-0.010619,-0.142018
2023-04-30,sonnet,full,mapped,0.003984,-0.138034
2023-05-31,sonnet,full,mapped,0.001727,-0.136307
2023-06-30,sonnet,full,mapped,-0.00157,-0.137876
2023-07-31,sonnet,full,mapped,0.006926,-0.13095
2023-08-31,sonnet,full,mapped,-0.00174,-0.13269
2023-09-30,sonnet,full,mapped,0.010681,-0.122009
2023-10-31,sonnet,full,mapped,-0.000184,-0.122193
2023-11-30,sonnet,full,mapped,-0.026212,-0.148405
2023-12-31,sonnet,full,mapped,0.025271,-0.123134
2024-01-31,sonnet,full,mapped,0.007083,-0.116052
2024-02-29,sonnet,full,mapped,0.002206,-0.113846
2024-03-31,sonnet,full,mapped,-0.003043,-0.116888
2024-04-30,sonnet,full,mapped,-0.005129,-0.122018
2024-05-31,sonnet,full,mapped,-0.00688,-0.128898
2024-06-30,sonnet,full,mapped,0.007961,-0.120937
2024-07-31,sonnet,full,mapped,-0.000169,-0.121107
2024-08-31,sonnet,full,mapped,0.00385,-0.117256
2024-09-30,sonnet,full,mapped,-0.000944,-0.1182
2024-10-31,sonnet,full,mapped,0.004609,-0.113591
2024-12-31,sonnet,full,mapped,0.000272,-0.113318
2025-01-31,sonnet,full,mapped,-0.001814,-0.115132
2025-02-28,sonnet,full,mapped,0.003351,-0.111781
2025-03-31,sonnet,full,mapped,-0.019045,-0.130826
2025-04-30,sonnet,full,mapped,0.003208,-0.127618
2025-05-31,sonnet,full,mapped,-0.014984,-0.142602
2025-06-30,sonnet,full,mapped,0.024186,-0.118416
2025-07-31,sonnet,full,mapped,0.006562,-0.111854
2025-08-31,sonnet,full,mapped,0.000693,-0.11116
2025-09-30,sonnet,full,mapped,0.006746,-0.104414
2025-10-31,sonnet,full,mapped,0.005497,-0.098917
2025-11-30,sonnet,full,mapped,5.4e-05,-0.098863
2025-12-31,sonnet,full,mapped,-0.000741,-0.099604
2026-01-31,sonnet,full,mapped,-0.000465,-0.100069
2026-02-28,sonnet,full,mapped,0.003513,-0.096556
2026-03-31,sonnet,full,mapped,-0.002799,-0.099355
2026-04-30,sonnet,full,mapped,-0.002244,-0.101599
2026-05-31,sonnet,full,mapped,0.024754,-0.076845
2026-06-30,sonnet,full,mapped,0.001666,-0.075179
2021-08-31,sonnet,full,pm_trade,-0.005914,-0.005914
2021-09-30,sonnet,full,pm_trade,-0.005275,-0.011189
2021-10-31,sonnet,full,pm_trade,-0.002355,-0.013544
2021-11-30,sonnet,full,pm_trade,2.1e-05,-0.013523
2021-12-31,sonnet,full,pm_trade,-0.008418,-0.021942
2022-01-31,sonnet,full,pm_trade,0.004706,-0.017235
2022-02-28,sonnet,full,pm_trade,0.000166,-0.017069
2022-03-31,sonnet,full,pm_trade,-0.004403,-0.021472
2022-04-30,sonnet,full,pm_trade,-0.043264,-0.064736
2022-05-31,sonnet,full,pm_trade,-0.001691,-0.066427
2022-06-30,sonnet,full,pm_trade,0.001046,-0.065381
2022-07-31,sonnet,full,pm_trade,-0.012238,-0.077619
2022-08-31,sonnet,full,pm_trade,-0.010514,-0.088133
2022-09-30,sonnet,full,pm_trade,0.013759,-0.074374
2022-10-31,sonnet,full,pm_trade,-0.023223,-0.097597
2022-11-30,sonnet,full,pm_trade,0.016341,-0.081256
2022-12-31,sonnet,full,pm_trade,-0.032762,-0.114018
2023-01-31,sonnet,full,pm_trade,0.004742,-0.109276
2023-02-28,sonnet,full,pm_trade,-0.017008,-0.126284
2023-03-31,sonnet,full,pm_trade,-0.0039,-0.130184
2023-04-30,sonnet,full,pm_trade,0.006787,-0.123397
2023-05-31,sonnet,full,pm_trade,0.002852,-0.120545
2023-06-30,sonnet,full,pm_trade,-0.003762,-0.124307
2023-07-31,sonnet,full,pm_trade,0.015262,-0.109045
2023-08-31,sonnet,full,pm_trade,0.000744,-0.108302
2023-09-30,sonnet,full,pm_trade,0.003512,-0.104789
2023-10-31,sonnet,full,pm_trade,0.000778,-0.104011
2023-11-30,sonnet,full,pm_trade,-0.022766,-0.126777
2023-12-31,sonnet,full,pm_trade,0.027346,-0.099432
2024-01-31,sonnet,full,pm_trade,0.011019,-0.088412
2024-02-29,sonnet,full,pm_trade,-0.000664,-0.089076
2024-03-31,sonnet,full,pm_trade,-0.000525,-0.089601
2024-04-30,sonnet,full,pm_trade,-0.00107,-0.090672
2024-05-31,sonnet,full,pm_trade,-0.002162,-0.092834
2024-06-30,sonnet,full,pm_trade,0.013534,-0.0793
2024-07-31,sonnet,full,pm_trade,7.2e-05,-0.079228
2024-08-31,sonnet,full,pm_trade,-0.000564,-0.079792
2024-09-30,sonnet,full,pm_trade,-0.000844,-0.080636
2024-10-31,sonnet,full,pm_trade,0.006085,-0.074551
2024-12-31,sonnet,full,pm_trade,0.000233,-0.074317
2025-01-31,sonnet,full,pm_trade,-0.001051,-0.075368
2025-02-28,sonnet,full,pm_trade,0.003635,-0.071733
2025-04-30,sonnet,full,pm_trade,-0.000412,-0.072145
2025-05-31,sonnet,full,pm_trade,-0.007996,-0.080141
2025-06-30,sonnet,full,pm_trade,0.026398,-0.053743
2025-07-31,sonnet,full,pm_trade,0.017102,-0.036641
2025-08-31,sonnet,full,pm_trade,0.000282,-0.036359
2025-09-30,sonnet,full,pm_trade,0.012429,-0.02393
2025-10-31,sonnet,full,pm_trade,0.000866,-0.023064
2025-11-30,sonnet,full,pm_trade,0.00011,-0.022954
2025-12-31,sonnet,full,pm_trade,-0.000169,-0.023123
2026-01-31,sonnet,full,pm_trade,-0.000504,-0.023627
2026-02-28,sonnet,full,pm_trade,0.001261,-0.022366
2026-03-31,sonnet,full,pm_trade,0.008983,-0.013383
2026-04-30,sonnet,full,pm_trade,-0.026718,-0.040101
2026-05-31,sonnet,full,pm_trade,0.029824,-0.010278
2026-06-30,sonnet,full,pm_trade,0.001938,-0.00834
2021-08-31,sonnet,conv,mapped,-0.009622,-0.009622
2021-09-30,sonnet,conv,mapped,-0.003097,-0.012719
2021-10-31,sonnet,conv,mapped,0.000281,-0.012438
2021-11-30,sonnet,conv,mapped,-4.2e-05,-0.01248
2021-12-31,sonnet,conv,mapped,-0.010509,-0.022989
2022-01-31,sonnet,conv,mapped,0.003429,-0.01956
2022-02-28,sonnet,conv,mapped,-0.002242,-0.021801
2022-03-31,sonnet,conv,mapped,0.002918,-0.018884
2022-04-30,sonnet,conv,mapped,-0.023157,-0.042041
2022-05-31,sonnet,conv,mapped,-0.002363,-0.044404
2022-06-30,sonnet,conv,mapped,-0.003849,-0.048252
2022-07-31,sonnet,conv,mapped,-0.015979,-0.064231
2022-08-31,sonnet,conv,mapped,-0.007686,-0.071917
2022-09-30,sonnet,conv,mapped,0.012193,-0.059724
2022-10-31,sonnet,conv,mapped,-0.037452,-0.097176
2022-11-30,sonnet,conv,mapped,0.011993,-0.085183
2022-12-31,sonnet,conv,mapped,-0.034726,-0.119909
2023-01-31,sonnet,conv,mapped,0.015326,-0.104584
2023-02-28,sonnet,conv,mapped,-0.01145,-0.116033
2023-03-31,sonnet,conv,mapped,-0.013221,-0.129255
2023-04-30,sonnet,conv,mapped,0.003942,-0.125313
2023-05-31,sonnet,conv,mapped,0.001967,-0.123346
2023-06-30,sonnet,conv,mapped,-0.006069,-0.129415
2023-07-31,sonnet,conv,mapped,0.005586,-0.123829
2023-08-31,sonnet,conv,mapped,-0.001381,-0.12521
2023-09-30,sonnet,conv,mapped,0.012503,-0.112707
2023-10-31,sonnet,conv,mapped,-0.000135,-0.112841
2023-11-30,sonnet,conv,mapped,-0.023716,-0.136557
2023-12-31,sonnet,conv,mapped,0.027385,-0.109173
2024-01-31,sonnet,conv,mapped,0.006628,-0.102544
2024-02-29,sonnet,conv,mapped,0.000953,-0.101591
2024-03-31,sonnet,conv,mapped,-0.00256,-0.104151
2024-04-30,sonnet,conv,mapped,-0.000518,-0.10467
2024-05-31,sonnet,conv,mapped,-0.008749,-0.113418
2024-06-30,sonnet,conv,mapped,0.006438,-0.10698
2024-07-31,sonnet,conv,mapped,-0.000134,-0.107115
2024-08-31,sonnet,conv,mapped,0.005555,-0.10156
2024-09-30,sonnet,conv,mapped,-0.00074,-0.1023
2024-10-31,sonnet,conv,mapped,0.004755,-0.097544
2024-11-30,sonnet,conv,mapped,0.00255,-0.094995
2024-12-31,sonnet,conv,mapped,-0.001645,-0.096639
2025-01-31,sonnet,conv,mapped,-0.000329,-0.096969
2025-02-28,sonnet,conv,mapped,0.002243,-0.094725
2025-03-31,sonnet,conv,mapped,-0.017666,-0.112391
2025-04-30,sonnet,conv,mapped,0.0006,-0.111791
2025-05-31,sonnet,conv,mapped,-0.015569,-0.12736
2025-07-31,sonnet,conv,mapped,0.017131,-0.110229
2025-08-31,sonnet,conv,mapped,0.00029,-0.109939
2025-09-30,sonnet,conv,mapped,0.007168,-0.102771
2025-10-31,sonnet,conv,mapped,0.005804,-0.096968
2025-11-30,sonnet,conv,mapped,7.4e-05,-0.096894
2025-12-31,sonnet,conv,mapped,-0.000823,-0.097716
2026-01-31,sonnet,conv,mapped,-0.000514,-0.09823
2026-02-28,sonnet,conv,mapped,0.004006,-0.094224
2026-03-31,sonnet,conv,mapped,-0.000616,-0.09484
2026-04-30,sonnet,conv,mapped,-0.000235,-0.095075
2026-05-31,sonnet,conv,mapped,0.018246,-0.076829
2026-06-30,sonnet,conv,mapped,0.00134,-0.075488
2021-08-31,sonnet,conv,pm_trade,-0.008535,-0.008535
2021-10-31,sonnet,conv,pm_trade,0.015127,0.006592
2021-11-30,sonnet,conv,pm_trade,0.000134,0.006726
2021-12-31,sonnet,conv,pm_trade,-0.006352,0.000373
2022-01-31,sonnet,conv,pm_trade,0.007936,0.00831
2022-02-28,sonnet,conv,pm_trade,-0.005456,0.002853
2022-03-31,sonnet,conv,pm_trade,-0.004274,-0.001421
2022-04-30,sonnet,conv,pm_trade,-0.04806,-0.049481
2022-06-30,sonnet,conv,pm_trade,0.006711,-0.042769
2022-07-31,sonnet,conv,pm_trade,-0.012044,-0.054813
2022-08-31,sonnet,conv,pm_trade,0.001162,-0.053651
2022-09-30,sonnet,conv,pm_trade,0.013356,-0.040295
2022-10-31,sonnet,conv,pm_trade,-0.02726,-0.067555
2022-11-30,sonnet,conv,pm_trade,0.014912,-0.052643
2022-12-31,sonnet,conv,pm_trade,-0.03773,-0.090373
2023-01-31,sonnet,conv,pm_trade,0.019368,-0.071006
2023-02-28,sonnet,conv,pm_trade,-0.015756,-0.086761
2023-03-31,sonnet,conv,pm_trade,-0.007096,-0.093857
2023-05-31,sonnet,conv,pm_trade,0.000565,-0.093292
2023-06-30,sonnet,conv,pm_trade,-0.006344,-0.099637
2023-07-31,sonnet,conv,pm_trade,-0.002998,-0.102635
2023-08-31,sonnet,conv,pm_trade,0.0006,-0.102035
2023-09-30,sonnet,conv,pm_trade,0.006391,-0.095645
2023-10-31,sonnet,conv,pm_trade,0.002809,-0.092835
2023-11-30,sonnet,conv,pm_trade,-0.017179,-0.110015
2023-12-31,sonnet,conv,pm_trade,0.029658,-0.080357
2024-01-31,sonnet,conv,pm_trade,0.011094,-0.069263
2024-02-29,sonnet,conv,pm_trade,-0.000535,-0.069798
2024-03-31,sonnet,conv,pm_trade,-0.001896,-0.071695
2024-04-30,sonnet,conv,pm_trade,0.002141,-0.069553
2024-06-30,sonnet,conv,pm_trade,-0.003582,-0.073135
2024-07-31,sonnet,conv,pm_trade,5.8e-05,-0.073077
2024-08-31,sonnet,conv,pm_trade,0.001127,-0.071949
2024-09-30,sonnet,conv,pm_trade,-0.000801,-0.072751
2024-10-31,sonnet,conv,pm_trade,0.005224,-0.067527
2024-11-30,sonnet,conv,pm_trade,0.003093,-0.064434
2024-12-31,sonnet,conv,pm_trade,0.000188,-0.064245
2025-01-31,sonnet,conv,pm_trade,-0.000128,-0.064374
2025-02-28,sonnet,conv,pm_trade,0.001074,-0.063299
2025-03-31,sonnet,conv,pm_trade,0.004203,-0.059097
2025-04-30,sonnet,conv,pm_trade,0.000184,-0.058913
2025-05-31,sonnet,conv,pm_trade,-0.007762,-0.066674
2025-07-31,sonnet,conv,pm_trade,0.01882,-0.047855
2025-08-31,sonnet,conv,pm_trade,-0.001001,-0.048856
2025-09-30,sonnet,conv,pm_trade,-0.00037,-0.049226
2025-10-31,sonnet,conv,pm_trade,-0.000387,-0.049613
2025-11-30,sonnet,conv,pm_trade,0.000107,-0.049507
2025-12-31,sonnet,conv,pm_trade,-0.001083,-0.050589
2026-01-31,sonnet,conv,pm_trade,-0.000594,-0.051183
2026-03-31,sonnet,conv,pm_trade,0.012532,-0.038651
2026-04-30,sonnet,conv,pm_trade,-0.014029,-0.05268
2026-05-31,sonnet,conv,pm_trade,0.030017,-0.022663
2026-06-30,sonnet,conv,pm_trade,0.001839,-0.020823
2021-08-31,sonnet,raw,mapped,-0.00092,-0.00092
2021-09-30,sonnet,raw,mapped,0.000781,-0.000139
2021-10-31,sonnet,raw,mapped,0.000125,-1.4e-05
2021-11-30,sonnet,raw,mapped,-0.000618,-0.000632
2021-12-31,sonnet,raw,mapped,-0.004209,-0.004841
2022-01-31,sonnet,raw,mapped,0.002352,-0.002489
2022-02-28,sonnet,raw,mapped,0.00346,0.000972
2022-03-31,sonnet,raw,mapped,-0.003135,-0.002163
2022-04-30,sonnet,raw,mapped,-0.003688,-0.005851
2022-05-31,sonnet,raw,mapped,-0.002301,-0.008152
2022-06-30,sonnet,raw,mapped,0.007124,-0.001028
2022-07-31,sonnet,raw,mapped,-0.016652,-0.01768
2022-08-31,sonnet,raw,mapped,-0.005031,-0.022712
2022-09-30,sonnet,raw,mapped,-0.032534,-0.055246
2022-10-31,sonnet,raw,mapped,-0.019198,-0.074444
2022-11-30,sonnet,raw,mapped,0.001262,-0.073182
2022-12-31,sonnet,raw,mapped,-0.033791,-0.106972
2023-01-31,sonnet,raw,mapped,0.02329,-0.083682
2023-02-28,sonnet,raw,mapped,-0.009513,-0.093196
2023-03-31,sonnet,raw,mapped,-0.001536,-0.094732
2023-04-30,sonnet,raw,mapped,-0.000249,-0.094981
2023-05-31,sonnet,raw,mapped,0.001674,-0.093307
2023-06-30,sonnet,raw,mapped,-0.001187,-0.094494
2023-07-31,sonnet,raw,mapped,0.003044,-0.091451
2023-08-31,sonnet,raw,mapped,-0.028839,-0.12029
2023-09-30,sonnet,raw,mapped,-0.000107,-0.120397
2023-10-31,sonnet,raw,mapped,0.006935,-0.113462
2023-11-30,sonnet,raw,mapped,-0.037511,-0.150973
2023-12-31,sonnet,raw,mapped,0.022325,-0.128648
2024-01-31,sonnet,raw,mapped,0.013793,-0.114855
2024-02-29,sonnet,raw,mapped,0.007119,-0.107736
2024-03-31,sonnet,raw,mapped,0.005997,-0.101738
2024-04-30,sonnet,raw,mapped,-0.00802,-0.109758
2024-05-31,sonnet,raw,mapped,-0.000682,-0.11044
2024-06-30,sonnet,raw,mapped,0.009116,-0.101324
2024-07-31,sonnet,raw,mapped,-0.000116,-0.101441
2024-08-31,sonnet,raw,mapped,0.002487,-0.098954
2024-09-30,sonnet,raw,mapped,0.004091,-0.094863
2024-10-31,sonnet,raw,mapped,0.003377,-0.091485
2024-11-30,sonnet,raw,mapped,0.01819,-0.073295
2024-12-31,sonnet,raw,mapped,-0.007086,-0.080381
2025-01-31,sonnet,raw,mapped,-0.002198,-0.08258
2025-02-28,sonnet,raw,mapped,0.001817,-0.080762
2025-03-31,sonnet,raw,mapped,0.017719,-0.063043
2025-04-30,sonnet,raw,mapped,-0.000206,-0.063249
2025-05-31,sonnet,raw,mapped,0.007879,-0.05537
2025-06-30,sonnet,raw,mapped,0.021029,-0.034341
2025-07-31,sonnet,raw,mapped,0.014175,-0.020166
2025-08-31,sonnet,raw,mapped,0.005941,-0.014224
2025-09-30,sonnet,raw,mapped,0.011048,-0.003176
2025-10-31,sonnet,raw,mapped,-0.004951,-0.008127
2025-11-30,sonnet,raw,mapped,0.000113,-0.008014
2025-12-31,sonnet,raw,mapped,0.001572,-0.006441
2026-01-31,sonnet,raw,mapped,-0.000458,-0.006899
2026-02-28,sonnet,raw,mapped,-0.00044,-0.007339
2026-03-31,sonnet,raw,mapped,0.011162,0.003823
2026-04-30,sonnet,raw,mapped,-0.050156,-0.046333
2026-05-31,sonnet,raw,mapped,0.026121,-0.020212
2026-06-30,sonnet,raw,mapped,-0.012246,-0.032458
2021-08-31,sonnet,raw,pm_trade,-0.003718,-0.003718
2021-10-31,sonnet,raw,pm_trade,-0.004755,-0.008473
2021-12-31,sonnet,raw,pm_trade,0.015964,0.00749
2022-02-28,sonnet,raw,pm_trade,0.001276,0.008766
2022-04-30,sonnet,raw,pm_trade,0.025747,0.034513
2022-06-30,sonnet,raw,pm_trade,0.016838,0.051351
2022-07-31,sonnet,raw,pm_trade,-0.016121,0.03523
2022-08-31,sonnet,raw,pm_trade,-0.004751,0.030479
2022-09-30,sonnet,raw,pm_trade,-0.030718,-0.000239
2023-03-31,sonnet,raw,pm_trade,-0.009498,-0.009737
2023-04-30,sonnet,raw,pm_trade,-0.002179,-0.011917
2023-05-31,sonnet,raw,pm_trade,-0.001234,-0.013151
2023-06-30,sonnet,raw,pm_trade,-0.01037,-0.023521
2023-07-31,sonnet,raw,pm_trade,0.009517,-0.014003
2023-08-31,sonnet,raw,pm_trade,-0.017236,-0.03124
2023-09-30,sonnet,raw,pm_trade,0.004083,-0.027157
2023-10-31,sonnet,raw,pm_trade,0.010341,-0.016816
2024-01-31,sonnet,raw,pm_trade,-0.006174,-0.02299
2024-02-29,sonnet,raw,pm_trade,-0.003239,-0.026229
2024-04-30,sonnet,raw,pm_trade,-0.012076,-0.038305
2024-05-31,sonnet,raw,pm_trade,-0.004366,-0.042671
2024-06-30,sonnet,raw,pm_trade,0.009803,-0.032868
2024-08-31,sonnet,raw,pm_trade,0.009904,-0.022964
2024-10-31,sonnet,raw,pm_trade,0.002793,-0.020171
2024-11-30,sonnet,raw,pm_trade,0.014919,-0.005252
2024-12-31,sonnet,raw,pm_trade,-0.005409,-0.010661
2025-01-31,sonnet,raw,pm_trade,-0.001668,-0.012329
2025-04-30,sonnet,raw,pm_trade,0.002391,-0.009937
2025-05-31,sonnet,raw,pm_trade,-0.009294,-0.019231
2025-06-30,sonnet,raw,pm_trade,0.019336,0.000105
2025-07-31,sonnet,raw,pm_trade,0.016488,0.016592
2025-08-31,sonnet,raw,pm_trade,0.004492,0.021084
2025-09-30,sonnet,raw,pm_trade,0.009359,0.030443
2025-10-31,sonnet,raw,pm_trade,0.008427,0.03887
2026-01-31,sonnet,raw,pm_trade,0.000162,0.039032
2026-02-28,sonnet,raw,pm_trade,-0.00335,0.035682
2026-03-31,sonnet,raw,pm_trade,0.014253,0.049935
2026-05-31,sonnet,raw,pm_trade,-0.016081,0.033855
2026-06-30,sonnet,raw,pm_trade,-0.011802,0.022053
2021-08-31,sonnet,mech,mapped,-0.009691,-0.009691
2021-09-30,sonnet,mech,mapped,-0.002932,-0.012624
2021-10-31,sonnet,mech,mapped,-0.000676,-0.0133
2021-11-30,sonnet,mech,mapped,-2.4e-05,-0.013324
2021-12-31,sonnet,mech,mapped,-0.008675,-0.021999
2022-01-31,sonnet,mech,mapped,0.002219,-0.019781
2022-02-28,sonnet,mech,mapped,-0.002101,-0.021882
2022-03-31,sonnet,mech,mapped,0.002355,-0.019527
2022-04-30,sonnet,mech,mapped,-0.021806,-0.041333
2022-05-31,sonnet,mech,mapped,-0.00248,-0.043813
2022-06-30,sonnet,mech,mapped,-0.002965,-0.046778
2022-07-31,sonnet,mech,mapped,-0.013735,-0.060512
2022-08-31,sonnet,mech,mapped,-0.007414,-0.067926
2022-09-30,sonnet,mech,mapped,0.013951,-0.053975
2022-10-31,sonnet,mech,mapped,-0.038758,-0.092733
2022-11-30,sonnet,mech,mapped,0.011531,-0.081202
2022-12-31,sonnet,mech,mapped,-0.034003,-0.115205
2023-01-31,sonnet,mech,mapped,0.014457,-0.100748
2023-02-28,sonnet,mech,mapped,-0.011045,-0.111793
2023-03-31,sonnet,mech,mapped,-0.01372,-0.125513
2023-04-30,sonnet,mech,mapped,0.003766,-0.121747
2023-05-31,sonnet,mech,mapped,0.001868,-0.119879
2023-06-30,sonnet,mech,mapped,-0.007043,-0.126922
2023-07-31,sonnet,mech,mapped,0.005191,-0.121731
2023-08-31,sonnet,mech,mapped,-0.000752,-0.122483
2023-09-30,sonnet,mech,mapped,0.012952,-0.109531
2023-10-31,sonnet,mech,mapped,-0.001441,-0.110973
2023-11-30,sonnet,mech,mapped,-0.020064,-0.131037
2023-12-31,sonnet,mech,mapped,0.026734,-0.104303
2024-01-31,sonnet,mech,mapped,0.006304,-0.097999
2024-02-29,sonnet,mech,mapped,0.000392,-0.097607
2024-03-31,sonnet,mech,mapped,-0.003004,-0.10061
2024-04-30,sonnet,mech,mapped,-1.8e-05,-0.100628
2024-05-31,sonnet,mech,mapped,-0.008432,-0.10906
2024-06-30,sonnet,mech,mapped,0.005966,-0.103093
2024-07-31,sonnet,mech,mapped,-7.3e-05,-0.103166
2024-08-31,sonnet,mech,mapped,0.005079,-0.098088
2024-09-30,sonnet,mech,mapped,-0.001083,-0.099171
2024-10-31,sonnet,mech,mapped,0.00451,-0.094661
2024-11-30,sonnet,mech,mapped,0.002006,-0.092655
2024-12-31,sonnet,mech,mapped,-0.002168,-0.094823
2025-01-31,sonnet,mech,mapped,0.00025,-0.094573
2025-02-28,sonnet,mech,mapped,0.002495,-0.092078
2025-03-31,sonnet,mech,mapped,-0.016683,-0.108761
2025-04-30,sonnet,mech,mapped,-0.000806,-0.109568
2025-05-31,sonnet,mech,mapped,-0.016591,-0.126159
2025-06-30,sonnet,mech,mapped,0.021631,-0.104527
2025-07-31,sonnet,mech,mapped,0.006042,-0.098485
2025-08-31,sonnet,mech,mapped,0.000224,-0.098261
2025-09-30,sonnet,mech,mapped,0.00678,-0.091481
2025-10-31,sonnet,mech,mapped,0.005398,-0.086083
2025-11-30,sonnet,mech,mapped,8.8e-05,-0.085995
2025-12-31,sonnet,mech,mapped,-0.000965,-0.08696
2026-01-31,sonnet,mech,mapped,-0.000501,-0.087461
2026-02-28,sonnet,mech,mapped,0.004167,-0.083294
2026-03-31,sonnet,mech,mapped,-0.001946,-0.08524
2026-04-30,sonnet,mech,mapped,-0.002082,-0.087322
2026-05-31,sonnet,mech,mapped,0.017402,-0.069919
2026-06-30,sonnet,mech,mapped,0.002128,-0.067791
2021-08-31,sonnet,mech,pm_trade,-0.013902,-0.013902
2021-09-30,sonnet,mech,pm_trade,-0.016279,-0.030181
2021-10-31,sonnet,mech,pm_trade,-0.017781,-0.047962
2021-11-30,sonnet,mech,pm_trade,0.000599,-0.047364
2021-12-31,sonnet,mech,pm_trade,-0.01979,-0.067154
2022-01-31,sonnet,mech,pm_trade,0.035532,-0.031621
2022-02-28,sonnet,mech,pm_trade,-0.013863,-0.045484
2022-03-31,sonnet,mech,pm_trade,-0.019135,-0.064619
2022-04-30,sonnet,mech,pm_trade,-0.133507,-0.198127
2022-05-31,sonnet,mech,pm_trade,-0.003975,-0.202101
2022-06-30,sonnet,mech,pm_trade,0.030048,-0.172053
2022-07-31,sonnet,mech,pm_trade,-0.028768,-0.200822
2022-08-31,sonnet,mech,pm_trade,-0.026871,-0.227693
2022-09-30,sonnet,mech,pm_trade,0.059797,-0.167896
2022-10-31,sonnet,mech,pm_trade,-0.044402,-0.212298
2022-11-30,sonnet,mech,pm_trade,0.045688,-0.16661
2022-12-31,sonnet,mech,pm_trade,-0.071459,-0.238069
2023-01-31,sonnet,mech,pm_trade,0.085861,-0.152208
2023-02-28,sonnet,mech,pm_trade,-0.040031,-0.192239
2023-03-31,sonnet,mech,pm_trade,-0.01695,-0.209189
2023-04-30,sonnet,mech,pm_trade,0.017347,-0.191842
2023-05-31,sonnet,mech,pm_trade,0.00982,-0.182022
2023-06-30,sonnet,mech,pm_trade,-0.028405,-0.210427
2023-07-31,sonnet,mech,pm_trade,0.039006,-0.171421
2023-08-31,sonnet,mech,pm_trade,0.021368,-0.150053
2023-09-30,sonnet,mech,pm_trade,0.015265,-0.134788
2023-10-31,sonnet,mech,pm_trade,0.022348,-0.112439
2023-11-30,sonnet,mech,pm_trade,-0.053519,-0.165958
2023-12-31,sonnet,mech,pm_trade,0.064363,-0.101596
2024-01-31,sonnet,mech,pm_trade,0.032012,-0.069583
2024-02-29,sonnet,mech,pm_trade,-0.019077,-0.08866
2024-03-31,sonnet,mech,pm_trade,-0.015083,-0.103743
2024-04-30,sonnet,mech,pm_trade,0.017033,-0.08671
2024-05-31,sonnet,mech,pm_trade,-0.016326,-0.103036
2024-06-30,sonnet,mech,pm_trade,0.046595,-0.05644
2024-07-31,sonnet,mech,pm_trade,0.002081,-0.05436
2024-08-31,sonnet,mech,pm_trade,-0.0162,-0.07056
2024-09-30,sonnet,mech,pm_trade,-0.006375,-0.076935
2024-10-31,sonnet,mech,pm_trade,0.013273,-0.063662
2024-11-30,sonnet,mech,pm_trade,-0.018496,-0.082157
2024-12-31,sonnet,mech,pm_trade,0.006706,-0.075452
2025-01-31,sonnet,mech,pm_trade,-0.004569,-0.08002
2025-02-28,sonnet,mech,pm_trade,0.008546,-0.071474
2025-03-31,sonnet,mech,pm_trade,-0.097146,-0.16862
2025-04-30,sonnet,mech,pm_trade,0.00655,-0.162069
2025-05-31,sonnet,mech,pm_trade,-0.034751,-0.19682
2025-06-30,sonnet,mech,pm_trade,0.062131,-0.134689
2025-07-31,sonnet,mech,pm_trade,0.047816,-0.086873
2025-08-31,sonnet,mech,pm_trade,-0.004483,-0.091356
2025-09-30,sonnet,mech,pm_trade,0.038355,-0.053001
2025-10-31,sonnet,mech,pm_trade,0.040055,-0.012945
2025-11-30,sonnet,mech,pm_trade,0.000477,-0.012468
2025-12-31,sonnet,mech,pm_trade,-0.004848,-0.017316
2026-01-31,sonnet,mech,pm_trade,-0.001289,-0.018604
2026-02-28,sonnet,mech,pm_trade,0.005479,-0.013125
2026-03-31,sonnet,mech,pm_trade,0.039041,0.025916
2026-04-30,sonnet,mech,pm_trade,-0.06281,-0.036895
2026-05-31,sonnet,mech,pm_trade,0.083386,0.046491
2026-06-30,sonnet,mech,pm_trade,0.014631,0.061122
2021-08-31,sonnet,board_mean,mapped,-0.009691,-0.009691
2021-09-30,sonnet,board_mean,mapped,-0.002932,-0.012624
2021-10-31,sonnet,board_mean,mapped,-0.000676,-0.0133
2021-11-30,sonnet,board_mean,mapped,-2.4e-05,-0.013324
2021-12-31,sonnet,board_mean,mapped,-0.008675,-0.021999
2022-01-31,sonnet,board_mean,mapped,0.002219,-0.019781
2022-02-28,sonnet,board_mean,mapped,-0.002101,-0.021882
2022-03-31,sonnet,board_mean,mapped,0.002355,-0.019527
2022-04-30,sonnet,board_mean,mapped,-0.021806,-0.041333
2022-05-31,sonnet,board_mean,mapped,-0.00248,-0.043813
2022-06-30,sonnet,board_mean,mapped,-0.002965,-0.046778
2022-07-31,sonnet,board_mean,mapped,-0.013735,-0.060512
2022-08-31,sonnet,board_mean,mapped,-0.007414,-0.067926
2022-09-30,sonnet,board_mean,mapped,0.013951,-0.053975
2022-10-31,sonnet,board_mean,mapped,-0.038758,-0.092733
2022-11-30,sonnet,board_mean,mapped,0.011531,-0.081202
2022-12-31,sonnet,board_mean,mapped,-0.034003,-0.115205
2023-01-31,sonnet,board_mean,mapped,0.014457,-0.100748
2023-02-28,sonnet,board_mean,mapped,-0.011045,-0.111793
2023-03-31,sonnet,board_mean,mapped,-0.01372,-0.125513
2023-04-30,sonnet,board_mean,mapped,0.003766,-0.121747
2023-05-31,sonnet,board_mean,mapped,0.001868,-0.119879
2023-06-30,sonnet,board_mean,mapped,-0.007043,-0.126922
2023-07-31,sonnet,board_mean,mapped,0.005191,-0.121731
2023-08-31,sonnet,board_mean,mapped,-0.000752,-0.122483
2023-09-30,sonnet,board_mean,mapped,0.012952,-0.109531
2023-10-31,sonnet,board_mean,mapped,-0.001441,-0.110973
2023-11-30,sonnet,board_mean,mapped,-0.020064,-0.131037
2023-12-31,sonnet,board_mean,mapped,0.026734,-0.104303
2024-01-31,sonnet,board_mean,mapped,0.006304,-0.097999
2024-02-29,sonnet,board_mean,mapped,0.000392,-0.097607
2024-03-31,sonnet,board_mean,mapped,-0.003004,-0.10061
2024-04-30,sonnet,board_mean,mapped,-1.8e-05,-0.100628
2024-05-31,sonnet,board_mean,mapped,-0.008432,-0.10906
2024-06-30,sonnet,board_mean,mapped,0.005966,-0.103093
2024-07-31,sonnet,board_mean,mapped,-7.3e-05,-0.103166
2024-08-31,sonnet,board_mean,mapped,0.005079,-0.098088
2024-09-30,sonnet,board_mean,mapped,-0.001083,-0.099171
2024-10-31,sonnet,board_mean,mapped,0.00451,-0.094661
2024-11-30,sonnet,board_mean,mapped,0.002006,-0.092655
2024-12-31,sonnet,board_mean,mapped,-0.002168,-0.094823
2025-01-31,sonnet,board_mean,mapped,0.00025,-0.094573
2025-02-28,sonnet,board_mean,mapped,0.002495,-0.092078
2025-03-31,sonnet,board_mean,mapped,-0.016683,-0.108761
2025-04-30,sonnet,board_mean,mapped,-0.000806,-0.109568
2025-05-31,sonnet,board_mean,mapped,-0.016591,-0.126159
2025-06-30,sonnet,board_mean,mapped,0.021631,-0.104527
2025-07-31,sonnet,board_mean,mapped,0.006042,-0.098485
2025-08-31,sonnet,board_mean,mapped,0.000224,-0.098261
2025-09-30,sonnet,board_mean,mapped,0.00678,-0.091481
2025-10-31,sonnet,board_mean,mapped,0.005398,-0.086083
2025-11-30,sonnet,board_mean,mapped,8.8e-05,-0.085995
2025-12-31,sonnet,board_mean,mapped,-0.000965,-0.08696
2026-01-31,sonnet,board_mean,mapped,-0.000501,-0.087461
2026-02-28,sonnet,board_mean,mapped,0.004167,-0.083294
2026-03-31,sonnet,board_mean,mapped,-0.001946,-0.08524
2026-04-30,sonnet,board_mean,mapped,-0.002082,-0.087322
2026-05-31,sonnet,board_mean,mapped,0.017402,-0.069919
2026-06-30,sonnet,board_mean,mapped,0.002128,-0.067791
2021-08-31,sonnet,buy_hold,mapped,0.0,0.0
2021-09-30,sonnet,buy_hold,mapped,0.0,0.0
2021-10-31,sonnet,buy_hold,mapped,0.0,0.0
2021-11-30,sonnet,buy_hold,mapped,0.0,0.0
2021-12-31,sonnet,buy_hold,mapped,0.0,0.0
2022-01-31,sonnet,buy_hold,mapped,0.0,0.0
2022-02-28,sonnet,buy_hold,mapped,0.0,0.0
2022-03-31,sonnet,buy_hold,mapped,0.0,0.0
2022-04-30,sonnet,buy_hold,mapped,0.0,0.0
2022-05-31,sonnet,buy_hold,mapped,0.0,0.0
2022-06-30,sonnet,buy_hold,mapped,0.0,0.0
2022-07-31,sonnet,buy_hold,mapped,0.0,0.0
2022-08-31,sonnet,buy_hold,mapped,0.0,0.0
2022-09-30,sonnet,buy_hold,mapped,0.0,0.0
2022-10-31,sonnet,buy_hold,mapped,0.0,0.0
2022-11-30,sonnet,buy_hold,mapped,0.0,0.0
2022-12-31,sonnet,buy_hold,mapped,0.0,0.0
2023-01-31,sonnet,buy_hold,mapped,0.0,0.0
2023-02-28,sonnet,buy_hold,mapped,0.0,0.0
2023-03-31,sonnet,buy_hold,mapped,0.0,0.0
2023-04-30,sonnet,buy_hold,mapped,0.0,0.0
2023-05-31,sonnet,buy_hold,mapped,0.0,0.0
2023-06-30,sonnet,buy_hold,mapped,0.0,0.0
2023-07-31,sonnet,buy_hold,mapped,0.0,0.0
2023-08-31,sonnet,buy_hold,mapped,0.0,0.0
2023-09-30,sonnet,buy_hold,mapped,0.0,0.0
2023-10-31,sonnet,buy_hold,mapped,0.0,0.0
2023-11-30,sonnet,buy_hold,mapped,0.0,0.0
2023-12-31,sonnet,buy_hold,mapped,0.0,0.0
2024-01-31,sonnet,buy_hold,mapped,0.0,0.0
2024-02-29,sonnet,buy_hold,mapped,0.0,0.0
2024-03-31,sonnet,buy_hold,mapped,0.0,0.0
2024-04-30,sonnet,buy_hold,mapped,0.0,0.0
2024-05-31,sonnet,buy_hold,mapped,0.0,0.0
2024-06-30,sonnet,buy_hold,mapped,0.0,0.0
2024-07-31,sonnet,buy_hold,mapped,0.0,0.0
2024-08-31,sonnet,buy_hold,mapped,0.0,0.0
2024-09-30,sonnet,buy_hold,mapped,0.0,0.0
2024-10-31,sonnet,buy_hold,mapped,0.0,0.0
2024-11-30,sonnet,buy_hold,mapped,0.0,0.0
2024-12-31,sonnet,buy_hold,mapped,0.0,0.0
2025-01-31,sonnet,buy_hold,mapped,0.0,0.0
2025-02-28,sonnet,buy_hold,mapped,0.0,0.0
2025-03-31,sonnet,buy_hold,mapped,0.0,0.0
2025-04-30,sonnet,buy_hold,mapped,0.0,0.0
2025-05-31,sonnet,buy_hold,mapped,0.0,0.0
2025-06-30,sonnet,buy_hold,mapped,0.0,0.0
2025-07-31,sonnet,buy_hold,mapped,0.0,0.0
2025-08-31,sonnet,buy_hold,mapped,0.0,0.0
2025-09-30,sonnet,buy_hold,mapped,0.0,0.0
2025-10-31,sonnet,buy_hold,mapped,0.0,0.0
2025-11-30,sonnet,buy_hold,mapped,0.0,0.0
2025-12-31,sonnet,buy_hold,mapped,0.0,0.0
2026-01-31,sonnet,buy_hold,mapped,0.0,0.0
2026-02-28,sonnet,buy_hold,mapped,0.0,0.0
2026-03-31,sonnet,buy_hold,mapped,0.0,0.0
2026-04-30,sonnet,buy_hold,mapped,0.0,0.0
2026-05-31,sonnet,buy_hold,mapped,0.0,0.0
2026-06-30,sonnet,buy_hold,mapped,0.0,0.0
